variant,tau,K1,K2,K3,n_season,BSS,Resolution,Reliability,dBSS,dResolution,paired,paired_se,sigma
l1only,,10.0,300.0,300.0,4,0.0,267.02689990693193,1125.949807352968,-403.08189967426244,-291.62515587601376,-405.2214173285849,36.46314672507815,11.113177378349713
l1only,,30.0,300.0,300.0,4,0.0,379.7647943000983,418.8655454844981,-403.08189967426244,-178.8872614828474,-402.11033806631093,33.21160186968006,12.107526148367159
l1only,,100.0,300.0,300.0,4,303.3010392627045,493.0783561248248,186.5419796346953,-99.78086041155797,-65.57369965812092,-99.18326209267357,12.692859618112383,7.81409903495203
l1only,,300.0,300.0,300.0,4,385.23989415246706,547.0324820896045,161.6128330593891,-17.842005521795386,-11.61957369334118,-17.53540703462347,5.350875937234209,3.2771096247257177
l1only,,1000.0,300.0,300.0,4,400.95476817090247,562.7529642396271,160.9014639770611,-2.1271315033599763,4.100908456681395,-2.0129765156787203,1.8000299956675996,1.118301650818959
l1only,,3000.0,300.0,300.0,4,402.78693286092124,563.3041164854308,158.78866393388154,-0.29496681334120467,4.652060702485073,-0.25409844791984537,0.6233307984668204,0.4076462266020551
l1only,,10000.0,300.0,300.0,4,403.04156728756533,561.7060650164229,157.19612977701016,-0.04033238669711636,3.0540092334772453,-0.027745929543575586,0.18965063887085265,0.14630021659178208
hier,,10.0,300.0,300.0,4,0.0,276.0620580787068,1180.0815496615812,-403.08189967426244,-282.5899977042389,-405.2214173285849,36.46314672507815,11.113177378349713
hier,,30.0,300.0,300.0,4,0.0,400.65179870956075,494.60739109784726,-403.08189967426244,-158.00025707338494,-404.8500413555467,35.85543533463965,11.29117629104406
hier,,100.0,300.0,300.0,4,246.5245305901198,484.7501220211767,232.174862677151,-156.55736908414264,-73.90193376176899,-155.81643078931077,18.274182532044986,8.526588290123314
hier,,300.0,300.0,300.0,4,329.2303648407047,527.709749708707,190.66990224982445,-73.85153483355776,-30.942306074238672,-73.45482268204495,14.534069764965745,5.053974823975814
hier,,1000.0,300.0,300.0,4,346.03858019813805,537.3887986134715,183.58334125961252,-57.043319476124395,-21.263257169474173,-56.8656528557484,13.694927778319784,4.152314913684429
hier,,3000.0,300.0,300.0,4,348.35020261219097,537.5645908848104,179.9439183334208,-54.731697062071476,-21.087464898135295,-54.63606411401994,13.592890000344408,4.01945900486472
hier,,10000.0,300.0,300.0,4,348.796917258154,538.6328498704775,180.329826900661,-54.28498241610845,-20.019205912468237,-54.22083066512001,13.578461909381287,3.993149667979635
l1only,3.0,10.0,300.0,300.0,4,0.0,283.74053172559,961.6597293146174,-403.08189967426244,-274.9115240573557,-405.2214173285849,36.46314672507815,11.113177378349713
l1only,3.0,30.0,300.0,300.0,4,41.50725780440734,404.6546549362301,352.35018853863244,-361.5746418698551,-153.9974008467156,-357.71864048158545,22.21905868509279,16.099630751755747
l1only,3.0,100.0,300.0,300.0,4,331.6559154080467,511.8658840420665,177.00946338816436,-71.42598426621572,-46.78617174087918,-71.21765977312545,10.262746204705246,6.9394349575237175
l1only,3.0,300.0,300.0,300.0,4,391.3146201251383,550.2419974177258,157.9266898728574,-11.767279549124169,-8.410058365219925,-11.665704317193713,4.110705072485861,2.8378840397175775
l1only,3.0,1000.0,300.0,300.0,4,401.7252933728233,561.3590088571647,159.69865163269802,-1.3566063014391716,2.7069530742189727,-1.3199478902260453,1.3413330790806879,0.9840567647304281
l1only,3.0,3000.0,300.0,300.0,4,402.88816458856627,560.0356177201029,156.68451449124856,-0.1937350856961757,1.3835619371571966,-0.18077278155193055,0.4593438127218329,0.39354569833163733
l1only,3.0,10000.0,300.0,300.0,4,403.052983914165,560.6230789203562,156.07537013454805,-0.028915760097447674,1.9710231374104978,-0.024943086615046753,0.13916412366897832,0.17923503527660214
hier,3.0,10.0,300.0,300.0,4,0.0,291.5076850433319,1029.7713266167937,-403.08189967426244,-267.1443707396138,-405.2214173285849,36.46314672507815,11.113177378349713
hier,3.0,30.0,300.0,300.0,4,0.0,409.17535475149737,426.4977913225221,-403.08189967426244,-149.47670103144833,-397.0536516440883,29.738758088515233,13.351386445334644
hier,3.0,100.0,300.0,300.0,4,258.8012156139352,507.53292944669744,240.4536647864135,-144.28068406032725,-51.11912633624826,-143.86897768114443,16.87424341623898,8.525951305330329
hier,3.0,300.0,300.0,300.0,4,319.9947679348614,536.9097579548722,208.28739915899993,-83.08713173940106,-21.742297828073447,-82.8519942247961,14.326425822378523,5.783158706296273
hier,3.0,1000.0,300.0,300.0,4,331.7512107772758,545.183444577714,203.50937052458832,-71.33068889698666,-13.468611205231696,-71.1942249915294,13.868257543274462,5.133609955639718
hier,3.0,3000.0,300.0,300.0,4,333.4361650792927,547.7721161337862,206.3477704844624,-69.64573459496972,-10.879939649159496,-69.54387825365322,13.825452750143405,5.030133877744573
hier,3.0,10000.0,300.0,300.0,4,333.80201393699014,548.2840907418083,205.88807821831972,-69.27988573727231,-10.367965041137381,-69.19099002318168,13.8224712882793,5.005688822218923
l1only,1.5,10.0,300.0,300.0,4,0.0,288.3120201202025,890.9800843677131,-403.08189967426244,-270.3400356627432,-405.2214173285849,36.46314672507815,11.113177378349713
l1only,1.5,30.0,300.0,300.0,4,77.39828228580103,403.05302401471056,316.4246393659952,-325.6836173884614,-155.59903176823514,-325.24426483946775,21.099927620653208,15.414473010850967
l1only,1.5,100.0,300.0,300.0,4,342.2879677425938,516.3481006383394,171.10358256070066,-60.793931931668624,-42.303955144606334,-60.78819662300144,9.194251941214636,6.611543496052036
l1only,1.5,300.0,300.0,300.0,4,393.5858686383908,550.0044538983192,154.61643109465757,-9.496031035871624,-8.64760188462651,-9.488306723697715,3.5944100185192545,2.6397396721052147
l1only,1.5,1000.0,300.0,300.0,4,402.0563288670953,564.7626157226669,161.42703364118697,-1.025570807167128,6.110559939721156,-1.0218088084874544,1.1569569267102213,0.8831865602749297
l1only,1.5,3000.0,300.0,300.0,4,402.9500467870206,558.5965307242615,154.7041241773593,-0.1318528872418483,-0.05552505868422486,-0.13041599984719995,0.39430492206135564,0.3307491044377748
l1only,1.5,10000.0,300.0,300.0,4,403.0657998688625,560.7932159148189,156.44865421324764,-0.016099805399960587,2.141160131873221,-0.01564779212853381,0.11924444396377758,0.13122449657517862
hier,1.5,10.0,300.0,300.0,4,0.0,300.70322159194683,993.6634289967283,-403.08189967426244,-257.94883419099887,-405.2214173285849,36.46314672507815,11.113177378349713
hier,1.5,30.0,300.0,300.0,4,0.0,422.3632317237783,436.14870163622766,-403.08189967426244,-136.28882405916738,-396.70059291210305,29.39095564482544,13.497369657047745
hier,1.5,100.0,300.0,300.0,4,233.96652159684007,498.8227295392747,257.9907411803022,-169.11537807742238,-59.829326243671005,-168.9935035067973,17.29933317069967,9.768787145681777
hier,1.5,300.0,300.0,300.0,4,286.7167902777745,529.65502253,236.49478087664258,-116.36510939648792,-28.997033252945698,-116.32508359541265,15.406472699954136,7.550403383102671
hier,1.5,1000.0,300.0,300.0,4,296.53401547260484,524.3701464593505,221.29530997866036,-106.54788420165761,-34.28190932359519,-106.55100753167362,15.114829186845459,7.049435108694825
hier,1.5,3000.0,300.0,300.0,4,297.9444501162498,527.6410525836782,224.046025107642,-105.13744955801263,-31.01100319926752,-105.15535339806047,15.095697528489394,6.965915500069192
hier,1.5,10000.0,300.0,300.0,4,298.25793539162146,527.7464528292595,222.63633321997597,-104.82396428264099,-30.905602953686184,-104.8473588041145,15.097288861359198,6.944780600473665
l1only,0.8,10.0,300.0,300.0,4,0.0,299.92159912866657,881.5087044305649,-403.08189967426244,-258.7304566542791,-405.2214173285849,36.46314672507815,11.113177378349713
l1only,0.8,30.0,300.0,300.0,4,95.90717688428008,412.412921274486,307.9257692051021,-307.17472278998235,-146.2391345084597,-307.3782021575231,20.55889900677849,14.951102296683166
l1only,0.8,100.0,300.0,300.0,4,349.0055695742678,523.9310770406995,173.8720272940806,-54.076330099994664,-34.72097874224619,-54.188349441409656,8.50698562334491,6.369864936964949
l1only,0.8,300.0,300.0,300.0,4,395.25145140014706,552.3098466407479,156.4831707972702,-7.830448274115383,-6.342209142197817,-7.873594431972773,3.2631919662725317,2.412850519783118
l1only,0.8,1000.0,300.0,300.0,4,402.3762924125318,562.0653597156216,159.30942109904572,-0.7056072617306199,3.4133039326759445,-0.7190013646404799,1.0396984134950429,0.6915480059486577
l1only,0.8,3000.0,300.0,300.0,4,403.03165791967245,558.9439938867087,155.36781528792034,-0.05024175458999025,0.29193810376295914,-0.054735665023785886,0.3531080460594845,0.1550110954270499
l1only,0.8,10000.0,300.0,300.0,4,403.08731779866713,560.2022303939593,155.8486360178381,0.005418124404684477,1.550174611013631,0.004067485217696572,0.1066474589327078,0.038139541798769584
hier,0.8,10.0,300.0,300.0,4,0.0,300.9502094230608,1023.4057706041921,-403.08189967426244,-257.7018463598849,-405.2214173285849,36.46314672507815,11.113177378349713
hier,0.8,30.0,300.0,300.0,4,0.0,396.3456364638712,453.7015623236861,-403.08189967426244,-162.3064193190745,-404.24856605829206,34.928065462838845,11.57374623247846
hier,0.8,100.0,300.0,300.0,4,174.9076650580328,481.1278587732835,297.1445080110553,-228.17423461622965,-77.5241970096622,-228.43225149293414,18.983513838684356,12.033191190739299
hier,0.8,300.0,300.0,300.0,4,222.33222623996295,503.4752254189738,267.18074364781336,-180.7496734342995,-55.176830363971874,-181.02830078613863,17.638030113294626,10.263521471691385
hier,0.8,1000.0,300.0,300.0,4,230.74406948135896,498.980946015711,258.63687415738207,-172.33783019290348,-59.67110976723467,-172.62751620404057,17.47493434578695,9.87857881398333
hier,0.8,3000.0,300.0,300.0,4,231.89795593063778,499.49735732333335,258.00531799914774,-171.18394374362467,-59.15469845961235,-171.47757675555775,17.47569020459793,9.812349311985471
hier,0.8,10000.0,300.0,300.0,4,232.14446182927563,499.40001376803025,258.9433867673482,-170.93743784498682,-59.252042014915446,-171.23256100690875,17.481837304794126,9.794883570959149
