level,n,y,p,gap,se,z,contrib,var
0-0,65317,0.4862899398318967,0.49477227524408013,-0.008482335412183406,0.0019562896198848895,-4.335930286581246,7.42100424676369,count
0-1,31402,0.5010508884784408,0.5019550885692631,-0.0009042000908222603,0.0028215518120366556,-0.3204619837087413,0.04054076780107723,count
0-2,16155,0.49229340761374185,0.4951269023293761,-0.002833494715634266,0.003933651631826999,-0.7203217216055908,0.20481291751856504,count
1-0,26438,0.4799152734700053,0.49024117661227284,-0.010325903142267556,0.0030744891851133896,-3.358575204058403,4.451334796279711,count
1-1,25313,0.4862323707186031,0.4969156149358936,-0.0106832442172905,0.003142605971114452,-3.3994857501979276,4.562002296699421,count
1-2,24399,0.497807287183901,0.4968622224803793,0.0009450647035216808,0.0032009245607892704,0.29524741541820365,0.03441126842550807,count
2-0,9392,0.47327512776831343,0.48407370704480557,-0.010798579276492137,0.005156684201094688,-2.0940935793973496,1.7294057294387006,count
2-1,13446,0.47411869701026327,0.4877639835489794,-0.013645286538716106,0.004310656001293907,-3.165477953847459,3.953338431208452,count
2-2,20640,0.49064922480620154,0.4904975647853892,0.00015166002081234975,0.0034796592191261516,0.04358473380920221,0.0007496481664235319,count
3-0,3214,0.4819539514623522,0.4657654533567671,0.016188498105585092,0.008798865610684636,1.8398392272211863,1.3300395570125036,count
3-1,6020,0.4591362126245847,0.46806392521965695,-0.008927712595072246,0.0064310822152836965,-1.3882131025871849,0.7576741327083816,count
3-2,11771,0.45697052077138733,0.464857766545922,-0.007887245774534646,0.00459714263982822,-1.7156843701567994,1.1562977365520557,count
1,29259,0.4957448990054342,0.4987947964601477,-0.003049897454713457,0.0029230685698052013,-1.043388953040095,0.42976943119138433,inning
2,28108,0.49316920449694035,0.49900529589671916,-0.005836091399778809,0.0029823195296127085,-1.9568967516155784,1.511748972601346,inning
3,27893,0.4948553400494748,0.4984051945221498,-0.003549854472675029,0.0029937820610606803,-1.1857424489400994,0.5550369464714345,inning
4,28007,0.4912343342735745,0.4955964844986863,-0.004362150225111827,0.002987582213566025,-1.4600937859732055,0.8415373474980737,inning
5,28337,0.48494900659914597,0.49444587566781123,-0.009496869068665259,0.002970067182482291,-3.197526683799815,4.035713604557698,inning
6,28707,0.4795346082836939,0.49037108300278714,-0.01083647471909327,0.0029504995491777333,-3.6727593204049995,5.323158787935701,inning
7,29244,0.47712351251538776,0.4827904495239495,-0.005666937008561745,0.002922094221383155,-1.9393409586496277,1.4829930417363983,inning
8,28994,0.4750638063047527,0.480371320468036,-0.005307514163283289,0.002934141300988784,-1.8088815836833405,1.2897217555072478,inning
9,21110,0.483041212695405,0.4900904834621824,-0.007049270766777416,0.00344065063775504,-2.048819106893379,1.6564647016630907,inning
10,3848,0.4862266112266112,0.48669754770693624,-0.0004709364803250349,0.008057470364860856,-0.058447187392561696,0.0013476133304061268,inning
0,87031,0.483080741345038,0.4899727832934119,-0.006892041948373895,0.0016945159754065634,-4.067262893004178,6.527928147545447,outs
1,83789,0.48546945303082745,0.49276716289113087,-0.007297709860303425,0.0017271539757784803,-4.225280410806528,7.046375137481584,outs
2,82687,0.4899319119087644,0.49372456642653534,-0.0037926545177709436,0.0017386700694855281,-2.1813537739757543,1.8781460885546468,outs
0,131633,0.48431624288742187,0.49214208652756375,-0.007825843640141883,0.0013779516383000483,-5.679331133708343,12.73012534371683,runners
1,77493,0.4913992231556399,0.49379637832860585,-0.002397155172965959,0.001795995884350031,-1.334721974506911,0.7031700056988875,runners
2,35973,0.48350151502515776,0.4899537205732827,-0.006452205548124923,0.002635687962308133,-2.448015713694187,2.364822854267766,runners
3,8408,0.4764509990485252,0.48559528146059394,-0.009144282412068716,0.005450587919517243,-1.677669005085716,1.110190562961524,runners
1,71830,0.48440762912432134,0.4911556007729191,-0.00674797164859775,0.0018653018308736268,-3.6176298853667515,5.164852610398662,P hand
2,181677,0.48677598154967333,0.4925014478161025,-0.005725466266429169,0.0011729275430790043,-4.881346934184426,9.404316524456261,P hand
1,119761,0.4868696821168828,0.49476248919892335,-0.007892807082040543,0.0014447359160843064,-5.463148658636908,11.781048853614744,B hand
2,133746,0.48542012471401014,0.48975402531255186,-0.004333900598541718,0.0013669052123701938,-3.170593366182866,3.966836149726214,B hand
1x1,30493,0.453841865346145,0.46878296396283414,-0.01494109861668913,0.0028577341888682867,-5.228302434456324,10.749067396467296,hand pair
1x2,41337,0.5069550281829838,0.507659188702617,-0.000704160519633179,0.0024589492572053115,-0.2863664297137567,0.03236591326025811,hand pair
2x1,89268,0.49815163328404355,0.503636818891804,-0.005485185607760457,0.0016734418019705595,-3.2777868948303923,4.241153860039475,hand pair
2x2,92409,0.47578699044465367,0.481744570183126,-0.0059575797384723295,0.0016437024760194428,-3.6244879017885347,5.17916283744583,hand pair
3,12361,0.5026292371167381,0.5027678183362477,-0.00013858121950960367,0.004497141441051026,-0.030815401589240628,0.000374858990797669,month
4,42588,0.49213393444162673,0.49649124639108233,-0.0043573119494556,0.002422789528124307,-1.7984690369819187,1.276821300905552,month
5,44078,0.4878851127546622,0.49338683757860635,-0.005501724823944176,0.002381338173771758,-2.310350073139799,2.1068090622140874,month
6,44514,0.48757694208563596,0.4913891125327674,-0.0038121704471314466,0.002369503095816,-1.6088480550470126,1.021519848724006,month
7,33070,0.47989114000604777,0.491863294938008,-0.011972154931960244,0.002749130736687597,-4.35488744576236,7.484872716632303,month
8,41920,0.4841125954198473,0.4893772390378151,-0.005264643617967801,0.0024415258735785575,-2.1562923722988794,1.8346988841696366,month
9,33305,0.47566431466746734,0.4859950188926092,-0.010330704225141873,0.0027387024724626844,-3.772116295587356,5.612739173048627,month
10,1671,0.5050867743865949,0.483981462770886,0.021105311615708888,0.012225279321853166,1.7263664134022947,1.175345516903348,month
F,30010,0.45928023992002664,0.46198687678418304,-0.0027066368641563976,0.0028779169457781506,-0.9404847030512755,0.34716149362338683,game_type
R,223497,0.4897067969592433,0.4961662401111044,-0.006459443151861088,0.0010575998698618726,-6.107643671235248,14.7254110448213,game_type
B,124477,0.48675658957076406,0.49273140387860037,-0.005974814307836307,0.0014170316591596243,-4.216429653646336,7.0168712063731515,top/bot
T,129030,0.4854762458343021,0.4915303834597247,-0.006054137625422618,0.001391753554146923,-4.350006944392902,7.467940404270102,top/bot
12,25413,0.47884940778341795,0.48174604989563846,-0.0028966421122205155,0.0031343855998898057,-0.9241498915520642,0.33670625523696673,P team
13,37232,0.5001074344649764,0.5032674206260666,-0.0031599861610901447,0.002591209624369915,-1.219502324848973,0.5870732536571709,P team
14,24081,0.4747311158174494,0.48213980072242074,-0.007408684904971319,0.003219997245847945,-2.300835789386005,2.0871916764203213,P team
15,23302,0.4995708522873573,0.5007652423708828,-0.0011943900835255095,0.003275464499174702,-0.36464754352442297,0.05249176108969799,P team
16,23457,0.4726947179946285,0.48613094717372274,-0.013436229179094261,0.0032633723722621,-4.117283486646838,6.6870233747237195,P team
17,24919,0.4820418154821622,0.4902270457674632,-0.008185230285300993,0.0031668079312513866,-2.5846942609072414,2.6363191398184656,P team
18,22809,0.4979174887105967,0.5117402801990871,-0.013822791488490416,0.0033097647590653693,-4.176366749519013,6.881820278271716,P team
19,23104,0.48273026315789475,0.48486241317427853,-0.0021321500163837825,0.003287965795611062,-0.6484708628142911,0.16585488197923318,P team
20,22740,0.4900175901495163,0.4947100105670603,-0.00469242041754403,0.0033155109472490104,-1.415293296328123,0.7906601665688097,P team
21,25180,0.4780381254964257,0.483062652995086,-0.005024527498660281,0.003149146197667325,-1.59552055804272,1.0038105325263036,P team
23,978,0.4652351738241309,0.4715877070392487,-0.006352533215117806,0.015962402836145532,-0.39796848133246104,0.0623215593665577,P team
25,292,0.4246575342465753,0.4392619937184662,-0.014604459471890874,0.02904359586784565,-0.5028461192733907,0.09834661008674916,P team
12,24304,0.4833772218564845,0.4887169527283966,-0.005339730871912085,0.003206420823628829,-1.6653244117435926,1.0942638735806778,B team
13,37546,0.5017578437117136,0.4927354125316316,0.009022431180082002,0.0025801343607196043,3.4968842388369374,4.826323178804216,B team
14,24232,0.47808682733575436,0.49117665196547977,-0.01308982462972541,0.0032114986420606374,-4.075924074290254,6.55635535383968,B team
15,23125,0.491545945945946,0.49109947107295243,0.00044647487299354083,0.003287458761166525,0.13581155093641792,0.007279161480392431,B team
16,23190,0.48253557567917205,0.4960257711709185,-0.01349019549174646,0.003283264800355676,-4.108774744664234,6.664119908095439,B team
17,24723,0.4792703150912106,0.49318580540016704,-0.013915490308956446,0.00317964829489236,-4.376424377284006,7.559686103090447,B team
18,22669,0.4785830870351582,0.49045188921927774,-0.011868802184119565,0.0033202793356917853,-3.5746396565295857,5.042567416752385,B team
19,23805,0.49363579080025205,0.49664649445914405,-0.003010703658892,0.003240605338109931,-0.9290559462720567,0.34072952998256195,B team
20,23905,0.48128006693160424,0.4916376231900231,-0.010357556258418832,0.00323344056148161,-3.2032616841030928,4.049570065091122,B team
21,24542,0.4822345367125744,0.48999785591763817,-0.00776331920506379,0.00319100963058129,-2.432872383293179,2.335664211770727,B team
23,1174,0.48722316865417375,0.4816496748349488,0.005573493819224951,0.01458287908791062,0.38219433800595953,0.05758756457365002,B team
25,292,0.4828767123287671,0.47543959990970214,0.007437112419064973,0.029224965094100375,0.25447805994356165,0.025503342991039592,B team
0,25363,0.4647320900524386,0.47384822544213034,-0.009116135389691749,0.003135269214918041,-2.9076084906252793,3.3283402915785523,P asof_n
1,25365,0.4714370195150798,0.47887477289162145,-0.007437753376541623,0.0031366394105828083,-2.371249099098592,2.21576644810922,P asof_n
2,25346,0.4751834609011284,0.481127203592308,-0.005943742691179588,0.0031383811911645694,-1.8938880681266204,1.4139530812688683,P asof_n
3,25334,0.4836977974263835,0.48820960707752337,-0.004511809651139842,0.003140489474412185,-1.4366581031080612,0.8143495704706167,P asof_n
4,25347,0.4889730540103365,0.4926370326590056,-0.003663978648669075,0.003140216764059847,-1.1667916338145012,0.5373261797354747,P asof_n
5,25351,0.48029663524121335,0.4919386703973487,-0.011642035156135322,0.003139901353897932,-3.707770991493947,5.425733716836454,P asof_n
6,25349,0.5032151169671387,0.503495425792335,-0.00028030882519625155,0.0031403566666272377,-0.08926018760069854,0.003145139706518742,P asof_n
7,25350,0.4908086785009862,0.5013251653852319,-0.010516486884245668,0.003140360435705125,-3.3488152393832893,4.427156763025499,P asof_n
8,25357,0.48294356587924436,0.48423489180772783,-0.0012913259284834666,0.00313837679310809,-0.41146299938211134,0.06676904750797524,P asof_n
9,25345,0.5197869402248965,0.5255323792315012,-0.005745439006604736,0.0031365837041648584,-1.8317505759453363,1.3211261845126658,P asof_n
0,25351,0.4703561989665102,0.47956624832101574,-0.009210049354505534,0.0031376860323840405,-2.9352998545579974,3.3956629638839932,B asof_n
1,25354,0.48304015145539164,0.48745377175208,-0.0044136202966883475,0.0031391350174963402,-1.4059988729661237,0.7799055122285576,B asof_n
2,25354,0.48422339670268993,0.48997252417787485,-0.005749127475184912,0.0031394921892659595,-1.8312284689993472,1.323292741489016,B asof_n
3,25348,0.48820419756982797,0.48778920957341054,0.00041498799641742634,0.0031395586962014816,0.13218035927135743,0.006893191373139511,B asof_n
4,25351,0.4918149185436472,0.4919548442265758,-0.00013992568292864327,0.003139902990233716,-0.04456369619184573,0.0007837824474011501,B asof_n
5,25351,0.4913021182596347,0.4947979342443638,-0.0034958159847290893,0.0031401395591759127,-1.113267712740296,0.48921277635382626,B asof_n
6,25346,0.4851258581235698,0.4923794892936161,-0.007253631170046293,0.003140254469073539,-2.3098864252826976,2.105842741170984,B asof_n
7,25351,0.4890536862451185,0.49566426705084893,-0.006610580805730404,0.0031401914577329566,-2.1051521522521672,1.7493628499141187,B asof_n
8,25368,0.4879769788710186,0.4992507000394267,-0.01127372116840808,0.0031392536086454204,-3.5912107060610055,5.091272884377623,B asof_n
9,25333,0.4899538151817787,0.5023749406183572,-0.012421125436578473,0.003141389541897008,-3.9540226612830898,6.1718318589091705,B asof_n
0,26630,0.47134810364250845,0.47553007974908246,-0.0041819761065740035,0.0030602979135492376,-1.3665258169992602,0.7354274372088156,leverage
1,24295,0.4819098579954723,0.4852936605310132,-0.0033838025355408807,0.0032064436794261774,-1.0553132609977554,0.4392709608516101,leverage
2,25623,0.48362799047730554,0.49203337728785984,-0.008405386810554305,0.0031232006202942687,-2.691273418664456,2.8585839607672856,leverage
3,28561,0.48349147438815165,0.4951706456300182,-0.01167917124186657,0.0029584418745112256,-3.9477440278579503,6.151811635995181,leverage
4,21849,0.4851022930111218,0.49474681874694204,-0.009644525735820253,0.0033824411654536754,-2.85135062638308,3.2092155282734076,leverage
5,26934,0.49231454666963687,0.49699515931247185,-0.00468061264283498,0.003046574016376926,-1.5363528401654591,0.9317766567801159,leverage
6,23944,0.49281657200133644,0.4960442830243132,-0.0032277110229767536,0.0032311569995276826,-0.9989335162137176,0.3939050623408885,leverage
7,25394,0.4958651649996062,0.49687063661971603,-0.0010054716201098324,0.0031375881820429933,-0.32046003547066354,0.040539306665290854,leverage
8,24926,0.48864639332423976,0.4964676091161195,-0.007821215791879721,0.003166889212293864,-2.4696840551029577,2.407723963969365,leverage
9,25351,0.4867263618792158,0.49255717914056013,-0.005830817261344323,0.003139961588848309,-1.8569708884505751,1.3610043850171347,leverage
0.0,25344,0.4270833333333333,0.440144511098222,-0.013061177764888687,0.003118157410455191,-4.188748688919462,6.827243744131745,P succ rate
1.0,25342,0.4578170625838529,0.45963772655394974,-0.0018206639700968363,0.003130616722618086,-0.5815671899223241,0.13264963213148873,P succ rate
2.0,25379,0.46810355017928207,0.4671537220437973,0.000949828135484776,0.0031317971322059146,0.303285332794131,0.0361551471378,P succ rate
3.0,25497,0.47797780130995804,0.48106521860202384,-0.003087417292065797,0.0031290595410664586,-0.9866917684198273,0.38378263121785283,P succ rate
4.0,25152,0.48020038167938933,0.48499867964765436,-0.004798297968265031,0.003151288664089878,-1.522646282120532,0.9144343238652678,P succ rate
5.0,25342,0.48334780206771366,0.4935588913333716,-0.010211089265657947,0.003140606477891778,-3.2513112793782533,4.172444800344056,P succ rate
6.0,25347,0.5038071566654831,0.512281794447681,-0.008474637782197814,0.0031396097005659783,-2.6992647464014676,2.8745801500675334,P succ rate
7.0,25339,0.5044397963613402,0.5134267630530885,-0.008986966691748366,0.003139920300300925,-2.8621639507496637,3.2316275604888323,P succ rate
8.0,25341,0.521960459334675,0.5271595554039821,-0.005199096069307019,0.0031362918939186876,-1.6577207240780543,1.0816456334692215,P succ rate
9.0,25343,0.5365978771258335,0.5418471103211492,-0.005249233195315672,0.003129785571306763,-1.6771862083586726,1.1026947943977026,P succ rate
0.0,25342,0.4718254281430037,0.4769450588090498,-0.005119630666046093,0.003137526395760342,-1.631741066135449,1.0488749605625522,B succ rate
1.0,25342,0.48516297056270224,0.4912105327626889,-0.006047562199986645,0.0031403817733411097,-1.9257410838786433,1.4635485773169032,B succ rate
2.0,25343,0.48281576766760054,0.48950549298162854,-0.0066897253140280055,0.0031401132374489216,-2.1304089401128876,1.7909363961458917,B succ rate
3.0,25343,0.4880243065146194,0.4958096313169684,-0.007785324802349003,0.003140694834858194,-2.4788542700617135,2.4255881550422878,B succ rate
4.0,25343,0.4888923963224559,0.49543139166497185,-0.006538995342515952,0.003140674023131139,-2.0820356695270172,1.7111404085627029,B succ rate
5.0,25344,0.4923453282828283,0.495136844014343,-0.0027915157315147043,0.003140594610221952,-0.8888494307507655,0.3118608705217043,B succ rate
6.0,25345,0.49319392385085814,0.4985952243976488,-0.005401300546790666,0.0031406688166254176,-1.7197930957248302,1.1676012475535382,B succ rate
7.0,25338,0.48535796037572027,0.4954187539706836,-0.010060793594963313,0.0031409831592352625,-3.2030714858760407,4.04988207765913,B succ rate
8.0,25338,0.4882784750177599,0.4948420007083965,-0.006563525690636618,0.0031409478693806272,-2.0896640006734333,1.7236626792855918,B succ rate
9.0,25341,0.48510319245491496,0.48827153222591674,-0.0031683397710017824,0.0031400648437925833,-1.0090045679359438,0.40169165948350705,B succ rate
0.0,25344,0.49589646464646464,0.49662817942391124,-0.0007317147774466015,0.0031406717565618638,-0.23298034120178787,0.02142714850040236,P fastball rate
1.0,25342,0.5041827795754084,0.5051887903332299,-0.0010060107578215849,0.00314069797343735,-0.32031439072778856,0.04049969046837713,P fastball rate
2.0,25342,0.4771130928892747,0.4833905392198208,-0.006277446330546055,0.003139133657879868,-1.9997384675827294,1.5769302016962155,P fastball rate
3.0,25343,0.4802114982440911,0.4891594171544215,-0.008947918910330421,0.003140066846247352,-2.8495950399985746,3.2041118680491807,P fastball rate
4.0,25343,0.4742532454721225,0.4864286579270733,-0.012175412454950796,0.0031396479683058944,-3.8779546553814632,5.932407234577332,P fastball rate
5.0,25343,0.4911809967249339,0.49399155565155617,-0.002810558926622242,0.003140578353646926,-0.8949176266717063,0.31611782241864467,P fastball rate
6.0,25341,0.5091353932362574,0.5137508975333708,-0.0046155042971133264,0.0031397410324294633,-1.470027065748779,0.852447488962061,P fastball rate
7.0,25343,0.4847097817937892,0.4911749154611921,-0.006465133667402867,0.0031403158735666212,-2.0587526630115955,1.6727021226022682,P fastball rate
8.0,25343,0.4723986899735627,0.48468733967118116,-0.012288649697618448,0.003139331894568491,-3.914415585965801,6.043268912727443,P fastball rate
9.0,25342,0.47222002998974033,0.4768220348517138,-0.0046020048619734855,0.0031374906285479764,-1.4667788391461374,0.8475017439200243,P fastball rate
-5,22340,0.47309758281110115,0.4754733307606996,-0.002375747949598439,0.003341221628964429,-0.7110417127087656,0.1991083450671852,score diff
-4,10544,0.4775227617602428,0.4842667305530907,-0.006743968792847943,0.00486689741643608,-1.3856813110695068,0.7572548591607913,score diff
-3,15303,0.47709599424949356,0.488799935452821,-0.011703941203327461,0.004040850013695021,-2.8964057472217783,3.310140352802398,score diff
-2,20271,0.481623994869518,0.4905142067891553,-0.008890211919637292,0.003511189325901209,-2.531965979178711,2.5299093981460854,score diff
-1,25883,0.489278677123981,0.49462251841191984,-0.005343841287938855,0.0031076892068142192,-1.7195546054674429,1.1671516335012855,score diff
0,61537,0.49514925979492014,0.49747754811912925,-0.0023282883242091157,0.002015562722741254,-1.15515547987638,0.5267631769434131,score diff
1,26240,0.48776676829268295,0.4971843249241777,-0.009417556631494739,0.003086606046979108,-3.0511041863317137,3.6749029916259635,score diff
2,20689,0.48842380008700276,0.49711622906282255,-0.008692428975819788,0.0034761061584903568,-2.5006224147063554,2.4684672456930397,score diff
3,15814,0.48197799418237003,0.4958641033993699,-0.013886109216999898,0.00397588925348405,-3.492579478875468,4.815134864873164,score diff
4,11091,0.4888648453701199,0.49216418042567145,-0.003299335055551522,0.004747132062577072,-0.6950164882837522,0.1906466225530432,score diff
5,23795,0.4824963227568817,0.48571792797600466,-0.0032216052191229583,0.003240036515523372,-0.9943113923833551,0.3899742370721749,score diff
21372,503,0.4532803180914513,0.4662469879202348,-0.012966669828783473,0.022243042747052463,-0.5829539589632696,0.1335458687740721,투수
21402,695,0.5482014388489208,0.5527238109170924,-0.004522372068171632,0.018860342458282945,-0.23978207597102935,0.022445172755381146,투수
21441,1354,0.5199409158050221,0.5152879703035694,0.004652945501452677,0.013581807439602363,0.3425866197959365,0.04628925206623773,투수
21690,1151,0.577758470894874,0.5757612480258731,0.0019972228690008365,0.014567623948482402,0.137100111594307,0.007249932310571088,투수
21789,1186,0.5168634064080945,0.511500457686538,0.005362948721556515,0.014514856594202132,0.36947996604380584,0.05386386903462576,투수
21813,685,0.44525547445255476,0.47852693270121927,-0.03327145824866451,0.019086392423356698,-1.7432030899641906,1.1974015360205097,투수
21916,1288,0.5271739130434783,0.539899356899635,-0.012725443856156704,0.013887526277823296,-0.9163218561449422,0.3293573116262773,투수
21936,683,0.48462664714494874,0.4708272757597613,0.013799371385187442,0.019099376093096306,0.7225037780252617,0.20537372365521797,투수
21940,1042,0.5047984644913628,0.5218558194137188,-0.01705735492235605,0.015474650286677445,-1.1022772473922204,0.4787366306842937,투수
21943,769,0.47074122236671,0.45085691181537896,0.019884310551331053,0.017943161122224244,1.1081832468584656,0.48012352062791985,투수
21955,2775,0.5027027027027027,0.5024371284373008,0.0002655742654018578,0.009491467204573186,0.027980317444904472,0.00030905838639961366,투수
21961,2620,0.5080152671755725,0.5187117180894241,-0.010696450913851518,0.009761465593684966,-1.0957832931124019,0.47335423171726443,투수
21994,417,0.49160671462829736,0.5029893905082371,-0.011382675879939741,0.024484667719694687,-0.4648899470579247,0.08531597566896015,투수
21998,377,0.4535809018567639,0.4750855091127336,-0.0215046072559697,0.02571932094510912,-0.8361265564462382,0.27530236896988813,투수
22028,1031,0.457807953443259,0.4722162309877665,-0.01440827754450752,0.015547806884354035,-0.926708033594549,0.337977947491387,투수
22094,732,0.41939890710382516,0.4687376810602684,-0.04933877395644326,0.018444373148456285,-2.6750041088044623,2.813800842054698,투수
22163,650,0.45076923076923076,0.4819449743725299,-0.031175743603299166,0.01959882320052725,-1.5906946699973534,0.9975911010474877,투수
22192,727,0.4896836313617607,0.4743287082765654,0.01535492308519526,0.018519515888651097,0.8291211918020425,0.27066697495592634,투수
22205,804,0.47139303482587064,0.4873781653085773,-0.015985130482706666,0.01762802104552213,-0.9068023257645934,0.3244098167996184,투수
22249,1814,0.4807056229327453,0.4765592251363306,0.004146397796414736,0.01172663949776658,0.3535878967887131,0.049247567078619305,투수
22254,1107,0.5654923215898826,0.5498078823085764,0.01568443928130625,0.014953078520348698,1.0489103805589124,0.4300225033462406,투수
22277,2225,0.5824719101123595,0.5889878184354866,-0.006515908323127095,0.010430749015304053,-0.6246826870790313,0.1491713820845196,투수
22278,828,0.48429951690821255,0.4820246869828206,0.0022748299253919635,0.0173649686268926,0.13100109618793113,0.006766027676466938,투수
22292,1221,0.4520884520884521,0.4558614834199803,-0.003773031331528176,0.014253231923800324,-0.26471409093034504,0.027447453300091344,투수
22293,1061,0.49858623939679547,0.5040991916086367,-0.005512952211841227,0.015349623119282473,-0.3591587994701809,0.050920118691502925,투수
22302,465,0.44731182795698926,0.48222552440052685,-0.03491369644353759,0.023172289161477934,-1.5067003609457283,0.8950559496665738,투수
22318,529,0.5141776937618148,0.5321503028824058,-0.017972609120591065,0.021694142930191018,-0.8284544440600685,0.2698258152321767,투수
22368,270,0.44814814814814813,0.48666294545693106,-0.03851479730878293,0.0304182037953223,-1.2661759243885968,0.6324476236255783,투수
22380,866,0.4953810623556582,0.5097678736863194,-0.014386811330661164,0.016987449131490424,-0.8469082803015824,0.2830430896091644,투수
22389,1321,0.4882664647993944,0.5046932981384394,-0.016426833339045044,0.013756231069111393,-1.1941376425357009,0.5628803491523325,투수
22397,870,0.5091954022988506,0.5127228096345123,-0.003527407335661703,0.016946098798838762,-0.20815453618761032,0.017093698821121724,투수
22419,1136,0.5008802816901409,0.5111510482374706,-0.010270766547329724,0.014831080983415358,-0.692516382239087,0.18922983679266278,투수
22435,1056,0.5198863636363636,0.5227790598908423,-0.0028926962544786328,0.015370460478850425,-0.18819841204230342,0.013953242828880792,투수
22469,677,0.43131462333825704,0.4659152071226045,-0.03460058378434744,0.019171858488273755,-1.8047589807482924,1.2798559415594473,투수
22508,664,0.4322289156626506,0.4826961337157957,-0.050467218053145135,0.019392139764761694,-2.6024574216843943,2.670498742642716,투수
22525,249,0.5100401606425703,0.5059162380314832,0.004123922611087072,0.03168399429504071,0.13015791420378342,0.006686916933016198,투수
22547,471,0.4713375796178344,0.46608686855230264,0.005250711065531766,0.02298572895736635,0.22843352391698,0.020505138933174568,투수
22575,295,0.4542372881355932,0.47204675727494044,-0.017809469139347223,0.029065595960624725,-0.6127336650338696,0.14775069492944665,투수
22598,374,0.4625668449197861,0.4835427016002462,-0.020975856680460092,0.02584037576346901,-0.8117473550873834,0.2598463278951676,투수
22617,981,0.5045871559633027,0.49198935076290945,0.012597805200393275,0.01596172248243655,0.7892509855534229,0.2458466824720367,투수
22621,416,0.5024038461538461,0.48460476732938196,0.017799078824464187,0.024502893609098336,0.7264072198336237,0.2081104800380771,투수
22624,1289,0.4678044996121024,0.4683548521002048,-0.000550352488102368,0.013898629582733869,-0.03959760815455256,0.0006165103237305747,투수
22651,2592,0.4834104938271605,0.4709751963804151,0.01243529744674543,0.009804366483908523,1.2683427804493987,0.6329259768290193,투수
22667,856,0.47079439252336447,0.46506357747187194,0.005730815051492533,0.01704787946843397,0.33615999351143755,0.044392757042559176,투수
22668,642,0.5404984423676013,0.5119175872700296,0.02858085509757169,0.019727819719714424,1.4487589355356,0.8281157258058021,투수
22675,389,0.4473007712082262,0.498031286355928,-0.05073051514770183,0.02535080981485331,-2.001139826230651,1.5808611030184319,투수
22710,1074,0.5344506517690876,0.5320452658325803,0.0024053859365072983,0.015225587993150503,0.15798312272664958,0.00981249354196193,투수
22720,1609,0.4810441267868241,0.4639342192239652,0.017109907562858906,0.012432521644537712,1.3762218198410479,0.743801308825813,투수
22729,1350,0.5155555555555555,0.5067479296501463,0.008807625905409289,0.013607036998755777,0.647284629726123,0.16537012567127463,투수
22730,2789,0.48691287199713157,0.4934296377261575,-0.006516765729025931,0.009466909975748018,-0.6883730536912617,0.1870330256660998,투수
22735,832,0.453125,0.4630705205001766,-0.009945520500176608,0.017287035686234756,-0.5753167102035882,0.1299522872397609,투수
22738,1138,0.4806678383128295,0.4829049537761398,-0.0022371154633102908,0.014813063612840875,-0.15102314563552008,0.008993414892727754,투수
22741,919,0.5603917301414582,0.5337217350103387,0.02666999513111945,0.01645592406957327,1.6206926465121352,1.0322073609714366,투수
22743,1092,0.42032967032967034,0.4877225865286879,-0.06739291619901755,0.01512612618392158,-4.455398254620758,7.831711932455118,투수
22759,2926,0.5034176349965823,0.49055413592115316,0.012863499075429163,0.009241773709037941,1.3918863932850223,0.7645363321297143,투수
22761,540,0.5074074074074074,0.4998759003374873,0.007531507069920118,0.021516573482855014,0.3500328282252481,0.04836855394625123,투수
22782,742,0.4757412398921833,0.4650455775418634,0.010695662350319934,0.018310668401015244,0.5841218963763719,0.1340370439971998,투수
22820,899,0.4649610678531702,0.46320078621934857,0.0017602816338216365,0.016630707819094773,0.10584526244881443,0.004398752987441375,투수
22834,1279,0.44487881157154024,0.4475291256209385,-0.00265031404939825,0.013903689931082494,-0.19061947314240096,0.014186353896512691,투수
22867,484,0.4607438016528926,0.44174552571439973,0.018998275938492848,0.022572491862798215,0.8416561208204025,0.2758540165008181,투수
22890,2159,0.4668828161185734,0.47867901206937963,-0.01179619595080622,0.01075099046405296,-1.097219459941669,0.4743972537693982,투수
22899,1097,0.46946216955332726,0.47241776507750916,-0.0029555955241818976,0.015073179750200083,-0.1960830808869419,0.015132204284462911,투수
22901,527,0.4174573055028463,0.45978059245679076,-0.04232328695394444,0.021709763945798724,-1.9495047048696652,1.4906475161039139,투수
23005,348,0.4166666666666667,0.43250283520801086,-0.015836168541344176,0.026557470361952506,-0.5962980783001013,0.13781136742901723,투수
23043,760,0.49078947368421055,0.4643236274401993,0.02646584624401127,0.01809067790039994,1.4629549201926908,0.8406026022095283,투수
23047,388,0.49742268041237114,0.4785434146260887,0.018879265786282462,0.025360270848016852,0.7444425928818028,0.21837730116551912,투수
23092,769,0.4486345903771131,0.46272484654588597,-0.014090256168772852,0.017980286956307823,-0.7836502388984246,0.24108471980783844,투수
23105,517,0.45454545454545453,0.46727886389465945,-0.012733409349204916,0.021942836198830265,-0.5802991570380365,0.1323687636315817,투수
23112,636,0.5015723270440252,0.5133435736035372,-0.011771246559512005,0.019819228205763952,-0.5939306231959435,0.13915781347835338,투수
23145,230,0.4391304347826087,0.4839165268774547,-0.044786092094845964,0.03295196252599258,-1.3591327696952373,0.7284835364645362,투수
23190,222,0.5225225225225225,0.47470686758167774,0.047815654940844776,0.03351483854860487,1.4267010378552223,0.8014912023292896,투수
23206,878,0.49544419134396356,0.4887360616827642,0.00670812966119938,0.016869900265221654,0.3976389638194012,0.06238827538611756,투수
23229,2532,0.5414691943127962,0.5443808163798781,-0.0029116220670819537,0.009897387098689307,-0.2941808820903382,0.033895283712538936,투수
23231,465,0.4150537634408602,0.483328039581781,-0.0682742761409208,0.023174051382880225,-2.9461519271230343,3.4227306918712257,투수
23235,692,0.5216763005780347,0.5312926397032544,-0.009616339125219642,0.018969886796140478,-0.5069265425018844,0.10104880994619847,투수
23238,827,0.48125755743651755,0.48467180161866036,-0.0034142441821428116,0.017378531500542135,-0.19646333075014433,0.015222999505546559,투수
23258,204,0.4166666666666667,0.45386995241191763,-0.03720328574525095,0.0348576952084149,-1.0672904655001345,0.44585981433621036,투수
23284,381,0.41732283464566927,0.4546959304707781,-0.03737309582510884,0.025510408625739583,-1.4650136096761694,0.8403277242907423,투수
23288,424,0.5566037735849056,0.5263709196618954,0.030232853923010228,0.02424835019656297,1.246800449429979,0.6119694122448511,투수
23306,989,0.4863498483316481,0.4901550912327835,-0.003805242901135375,0.015895992772387096,-0.23938378405313926,0.022613439740115916,투수
23312,735,0.5006802721088436,0.5014185907648009,-0.0007383186559573041,0.01844270361045024,-0.040033103147574765,0.0006326748801474038,투수
23347,1491,0.45942320590207913,0.4989506268873527,-0.039527420985273565,0.012948820962930452,-3.052588424724663,3.678579696444305,투수
23363,684,0.4283625730994152,0.45102459747605606,-0.022662024376640832,0.019026044397627524,-1.1911054080934818,0.5547011599944374,투수
23369,468,0.4935897435897436,0.44332534500997783,0.05026439857976578,0.02296355266567884,2.1888772748517518,1.8671207341594416,투수
23414,1134,0.48500881834215165,0.4934633072834418,-0.00845448894129014,0.014846577870655115,-0.5694570839789815,0.12799509970524903,투수
23418,832,0.5204326923076923,0.5099075346662155,0.010525157641476768,0.01733097773846586,0.6073031654824834,0.14554125395594644,투수
23421,1322,0.5173978819969742,0.5004474714334279,0.016950410563546292,0.013751627596403401,1.2326112269052065,0.5997875774594268,투수
23424,1575,0.41904761904761906,0.4511217548564171,-0.03207413580879803,0.012538472025379641,-2.5580577716228454,2.558562635519703,투수
23426,646,0.5030959752321982,0.5096947011896413,-0.006598725957443152,0.019668538658346384,-0.33549650393792574,0.04441792545762414,투수
23429,730,0.4684931506849315,0.47313578036384635,-0.0046426296789148225,0.01847910014203534,-0.25123678335147925,0.024846001924378625,투수
23437,1345,0.420817843866171,0.4308880180223434,-0.010070174156172396,0.013502678625821184,-0.7457908490034854,0.21537823557465247,투수
23439,242,0.4462809917355372,0.509705962446843,-0.06342497071130576,0.03213516098385998,-1.9736938845011922,1.5372393194278113,투수
23462,579,0.46286701208981,0.4905600920511198,-0.027693079961309763,0.02077558718040726,-1.3329625642266396,0.7011753673588936,투수
23475,479,0.4592901878914405,0.4476988441607313,0.011591343730709192,0.022720255238809543,0.5101766511368001,0.10162689347601953,투수
23478,1205,0.46473029045643155,0.453879024052071,0.010851266404360571,0.014342371302794692,0.756588026852027,0.2240543943454522,투수
23484,1071,0.4173669467787115,0.44122236253881364,-0.02385541576010214,0.015172373701842061,-1.5722929205998848,0.9624297040674391,투수
23487,248,0.3588709677419355,0.4274241390831827,-0.06855317134124722,0.031413780133998336,-2.1822643135855486,1.8404005291812402,투수
23504,282,0.5212765957446809,0.48794068586405204,0.033335909880628845,0.029765905393752505,1.119936028810521,0.49485652687058035,투수
23518,359,0.5041782729805014,0.5231109203887319,-0.01893264740823042,0.026360786133339198,-0.718212549218545,0.2031995351034503,투수
23540,817,0.4981640146878825,0.5036129479932148,-0.005448933305332249,0.017492329027151383,-0.3115041625888971,0.038304571513187766,투수
23542,311,0.5048231511254019,0.5008153756219682,0.004007775503433675,0.028352361156691513,0.14135596965926026,0.00788810584568178,투수
23554,210,0.5095238095238095,0.46781341837295,0.041710391150859505,0.03443171461390164,1.211394541880268,0.5769170677974357,투수
23555,2892,0.43775933609958506,0.44550135416035874,-0.007742018060773681,0.009242205373532014,-0.837680807542473,0.27372358317403617,투수
23558,720,0.4597222222222222,0.46520191821364215,-0.005479695991419953,0.018588717213525802,-0.2947861290521292,0.03413901558243679,투수
23560,221,0.45701357466063347,0.4485255108978119,0.008488063762821574,0.03345493199791215,0.2537163657469486,0.025142884944277025,투수
23561,1929,0.5132192846034215,0.532864975413488,-0.019645690810066507,0.011359617009198951,-1.72943249707781,1.17563472292419,투수
23564,295,0.36610169491525424,0.4567511593556609,-0.09064946444040667,0.02900201850268769,-3.1256260467527786,3.827877833455877,투수
23565,509,0.40471512770137524,0.4565368849202578,-0.05182175721888255,0.022078221257275158,-2.347188961239637,2.1584779708605275,투수
23589,1887,0.4917859035506094,0.4879619823239027,0.003823921226706717,0.011506894919992574,0.3323156466878716,0.043570780745680805,투수
23590,734,0.4550408719346049,0.4573381963524523,-0.002297324417847413,0.01838803553483714,-0.12493582653214945,0.006117109924377414,투수
23593,2003,0.5127309036445332,0.504709817066633,0.008021086577900238,0.011171468401791283,0.7179975173732848,0.20349461681480663,투수
23597,564,0.49113475177304966,0.4750652981940904,0.01606945357895928,0.021027601779711295,0.764207623261349,0.22997831644234593,투수
23617,287,0.5017421602787456,0.46891778907253034,0.032824371206215286,0.029456984297716045,1.1143153988360015,0.48829277137153354,투수
23627,267,0.449438202247191,0.46201768287965234,-0.012579480632461337,0.030511086189654812,-0.41229212733588544,0.06671788195666213,투수
23630,1088,0.5193014705882353,0.5443416292147789,-0.02504015862654363,0.015098750311021649,-1.65842590351766,1.0772304336589784,투수
23633,1813,0.5874241588527302,0.5831277968995834,0.0042963619531468655,0.011579356866897969,0.3710363194202021,0.05284514522187101,투수
23637,511,0.5772994129158513,0.5337278478054882,0.043571565110363086,0.02206831735066467,1.9743945321255207,1.5319083673352196,투수
23638,858,0.48951048951048953,0.49244153220268305,-0.0029310426921935195,0.01706776803762568,-0.17172970043488245,0.011639575558920168,투수
23642,1003,0.518444666001994,0.5362028611037728,-0.017758195101778784,0.01574628579376749,-1.127770404675852,0.49946394927749194,투수
23644,281,0.48398576512455516,0.49629506654047945,-0.01230930141592429,0.029826680446110306,-0.41269431367544435,0.06723241325084484,투수
23650,386,0.43005181347150256,0.45525425335356157,-0.025202439882059002,0.025347216695117747,-0.9942882559927524,0.3871489156465484,투수
23653,453,0.37527593818984545,0.4170364057750591,-0.04176046758521368,0.02316640265544036,-1.8026306546738156,1.2474825378878378,투수
23665,622,0.41318327974276525,0.44596033972654925,-0.032777059983783996,0.01993073678210871,-1.6445483346710539,1.0552028223180994,투수
23676,802,0.456359102244389,0.4629121005980217,-0.006552998353632655,0.017606975766959247,-0.37218193745287176,0.05438261083057793,투수
23695,1330,0.46691729323308273,0.47865498003481055,-0.01173768680172782,0.013697713714138594,-0.8569084627321667,0.28934917110606495,투수
23719,2693,0.5573709617526922,0.5686756475500886,-0.011304685797396408,0.009543685695948052,-1.184519917938624,0.5434491491827458,투수
23736,249,0.37751004016064255,0.45672891044141045,-0.0792188702807679,0.031567331800162905,-2.5095206266485626,2.4675286520075166,투수
23737,683,0.4612005856515373,0.47357616654135704,-0.012375580889819715,0.01910523300812639,-0.6477586996481945,0.16517999842842448,투수
23745,756,0.5079365079365079,0.5194506326301882,-0.011514124693680294,0.018171059352801177,-0.6336518124852927,0.1582665807911601,투수
23749,812,0.41625615763546797,0.45829281461051047,-0.0420366569750425,0.01748540949422961,-2.4040990855212794,2.2657810412845296,투수
23751,1194,0.4489112227805695,0.48351209308655485,-0.034600870305985354,0.014462107506827622,-2.3925192292790065,2.2572722348624055,투수
23761,284,0.4859154929577465,0.46072129961698893,0.025194193340757565,0.029577850469007676,0.8517925725250588,0.2846589370494543,투수
23769,694,0.4610951008645533,0.4551282227908668,0.00596687807368651,0.01890315541756903,0.31565513491682745,0.03901749337758429,투수
23771,479,0.44676409185803756,0.45789041298076805,-0.011126321122730487,0.02276441857345844,-0.4887592927896222,0.09363630367235223,투수
23781,1043,0.5953978906999041,0.5903960817558317,0.005001808944072428,0.015226904722364378,0.3284849439378225,0.04120444545989152,투수
23782,2856,0.5248599439775911,0.5324159155351055,-0.007555971557514418,0.009336331709130759,-0.8093083871607537,0.2574805331122076,투수
23786,805,0.4546583850931677,0.48099222111742357,-0.026333836024255874,0.017609945818460992,-1.4953956301585771,0.8815149902815851,투수
23787,637,0.4599686028257457,0.48793755302953595,-0.027968950203790255,0.0198049554307092,-1.4122198003244235,0.7868597515564588,투수
23819,292,0.4246575342465753,0.4392619937184662,-0.014604459471890874,0.02904359586784565,-0.5028461192733907,0.09834661008674916,투수
23848,1002,0.5469061876247505,0.5411306672245271,0.005775520400223444,0.015742066031109437,0.36688452384902165,0.05277831654855135,투수
23853,269,0.49070631970260226,0.4935560173151922,-0.002849697612589963,0.030483006118722022,-0.09348479613497629,0.0034494940862437023,투수
23857,1105,0.4841628959276018,0.4975853534300479,-0.013422457502446083,0.015041245540329186,-0.8923767294707913,0.31436335917316044,투수
23858,502,0.4123505976095618,0.452116230557487,-0.039765632947925234,0.022213521268349034,-1.7901544049472855,1.2535021516221125,투수
23860,564,0.4326241134751773,0.4641695258388873,-0.03154541236371,0.020999669750923565,-1.5021861171089435,0.8862517166752795,투수
23869,707,0.43422913719943423,0.4845489666306206,-0.05031982943118635,0.01879545468420928,-2.6772339523907234,2.8268535002303783,투수
23871,920,0.45,0.4966473862295353,-0.04664738622953529,0.016484141258273785,-2.829834172048353,3.1611712484246426,투수
23893,431,0.4756380510440835,0.48935668346360117,-0.013718632419517651,0.02407869541009683,-0.5697415157203687,0.12808682988508852,투수
23902,825,0.4109090909090909,0.43187102042195813,-0.02096192951286724,0.017245410180477438,-1.2155077376238383,0.5724295287687065,투수
23903,2208,0.3990036231884058,0.41407136082926754,-0.015067737640861723,0.010482392694363839,-1.437433044171616,0.7915907961842202,투수
23904,322,0.40062111801242234,0.4382234198368818,-0.03760230182445945,0.02765041608659725,-1.3599181186530531,0.7189361166303211,투수
23929,840,0.5797619047619048,0.5468811501697103,0.03288075459219453,0.017175638816662238,1.9143832111965826,1.4340635759406664,투수
23932,607,0.49093904448105435,0.495536337138977,-0.004597292657922636,0.020293565243763963,-0.22653942777922395,0.02025809303329823,투수
23953,261,0.6130268199233716,0.511778008579412,0.10124881134395958,0.030940635193601594,3.2723572321778787,4.224992492814237,투수
23955,246,0.4715447154471545,0.4661135172430788,0.005431198204075671,0.03180553885688927,0.1707626532760108,0.011458611071762707,투수
23972,832,0.4182692307692308,0.4569267696909609,-0.03865753892173013,0.01726994028759082,-2.2384292173556153,1.9633480596769077,투수
23977,879,0.4641638225255973,0.4745524272119492,-0.010388604686351888,0.01684272497467275,-0.6168007078411453,0.14979898951117426,투수
23979,622,0.4646302250803859,0.4707873068923218,-0.006157081811935916,0.020013926765334224,-0.30763986918351727,0.03723452354122658,투수
23982,622,0.4855305466237942,0.4722913318871061,0.013239214736688099,0.02001736503821134,0.6613864867536579,0.17215530299496723,투수
24011,891,0.48035914702581367,0.47420600332358864,0.006153143702225028,0.016728326002223067,0.3678278209910138,0.053269348755175465,투수
24012,928,0.4536637931034483,0.45388751761088136,-0.00022372450743307626,0.016343353829770646,-0.013689020611274123,7.334671453868741e-05,투수
24013,1250,0.484,0.48875705655237073,-0.004757056552370742,0.014138559932967245,-0.33645976499194874,0.04466755793932075,투수
24020,775,0.43612903225806454,0.4659408039426167,-0.02981177168455218,0.017918812286530122,-1.6637135993082643,1.0876341696301677,투수
24026,500,0.432,0.47234654627328804,-0.04034654627328804,0.022326454554943764,-1.8071183749304287,1.2852520365615263,투수
24038,1630,0.4865030674846626,0.4670807002757818,0.019422367208880797,0.012357564428010635,1.571698640296507,0.9709514032572639,투수
24044,574,0.519163763066202,0.4529216023859834,0.06624216068021865,0.020776881101102897,3.1882629716113806,3.977282502465907,투수
24055,1294,0.48763523956723337,0.5190383289148527,-0.03140308934761932,0.01388953833432737,-2.2609167124013037,2.0150442780383866,투수
24056,412,0.5097087378640777,0.5102815370235203,-0.0005727991594426385,0.024628023445382216,-0.023258023962537643,0.00021345558754427626,투수
24063,1528,0.4574607329842932,0.4693359175003647,-0.011875184516071502,0.012767035484217626,-0.9301442398864941,0.34025902613363823,투수
24076,603,0.4660033167495854,0.44774431747083987,0.018258999278745525,0.020250067814861435,0.9016759571217497,0.3174510900698109,투수
24078,815,0.3852760736196319,0.440411347004009,-0.055135273384377126,0.017389411926756856,-3.1706232284681932,3.912210740420716,투수
24099,1083,0.4856879039704525,0.46702069348948966,0.018667210480962815,0.015160342314029884,1.2313185345219784,0.5959267396812244,투수
24100,457,0.4551422319474836,0.47883524464360006,-0.023693012696116456,0.023368050020786263,-1.013906281227622,0.40510009217688747,투수
24115,288,0.40625,0.42460743260724343,-0.01835743260724343,0.02912592158663114,-0.6302781717186773,0.15325757183172586,투수
24129,1161,0.425495262704565,0.4340167364473,-0.008521473742734986,0.014545843918679182,-0.585835637339134,0.13312732563512905,투수
24136,1079,0.48007414272474513,0.47977565151121027,0.0002984912135348683,0.015209107062992614,0.019625821049098182,0.00015180641197515935,투수
24166,270,0.5592592592592592,0.4984901091531707,0.06076915010608852,0.030428892229786567,1.9970871646323736,1.574474592697806,투수
24169,434,0.4631336405529954,0.4573816368664657,0.005752003686529672,0.023913422716114505,0.24053452133615225,0.022674285389814232,투수
24178,781,0.47631241997439183,0.471471257452462,0.004841162521929843,0.017862259688770078,0.2710274403284742,0.028903865427343328,투수
24183,496,0.4737903225806452,0.46612019216626405,0.007670130414381138,0.022399063858478275,0.3424308472373016,0.04607790665952466,투수
24185,290,0.4793103448275862,0.47520272533289415,0.004107619494692072,0.02932488029014483,0.14007284783605797,0.007726520802622088,투수
24209,695,0.48633093525179855,0.4696202343456505,0.016710700906148068,0.018931039938400993,0.8827143654296011,0.30646416846676905,투수
24222,2396,0.510016694490818,0.5103994199826785,-0.00038272549186046945,0.010212513439138489,-0.03747613103682295,0.0005542008162123859,투수
24224,1173,0.40494458653026427,0.4206481832900232,-0.01570359675975891,0.0144139061271446,-1.089475442759096,0.45677449844011253,투수
24234,878,0.5034168564920274,0.4693681002092524,0.03404875628277498,0.016842486367993514,2.0215991593426055,1.6073208900827458,투수
24240,1899,0.47919957872564506,0.4888167358399005,-0.009617157114255426,0.011470936202330593,-0.8383933921889891,0.27734730782903544,투수
24252,1248,0.4911858974358974,0.4993531080084402,-0.008167210572542771,0.014153451081224493,-0.5770472887264313,0.13145213948847934,투수
24265,915,0.3650273224043716,0.4165139662705643,-0.05148664386619273,0.01629744296454671,-3.159185399709405,3.8301504061736886,투수
24286,1814,0.474090407938258,0.4920666515345372,-0.017976243596279196,0.011738069830336472,-1.5314480026196868,0.925637071185365,투수
24300,2507,0.46749102512963703,0.4874687092894897,-0.019977684159852682,0.009982892561694538,-2.0011919427550753,1.5799748982972652,투수
24305,702,0.46296296296296297,0.489806175113101,-0.02684321215013802,0.01886736151110067,-1.4227326981753505,0.798751427429555,투수
24310,1274,0.5416012558869702,0.551417164126006,-0.009815908239035886,0.01393403035413376,-0.7044557812466538,0.19383668566653783,투수
24314,376,0.4095744680851064,0.42910494167363716,-0.019530473588530772,0.025525013321568073,-0.7651503778855211,0.22647431853808483,투수
24317,291,0.44329896907216493,0.4545863523195202,-0.011287383247355287,0.02918936871641916,-0.3866950106737348,0.05854436488325287,투수
24319,1019,0.4730127576054956,0.45417479314869885,0.018837964456796752,0.015597364288079866,1.2077658833161629,0.5710152380282643,투수
24328,1282,0.49297971918876754,0.47885131201003855,0.014128407178728986,0.013952022007359373,1.0126422658505394,0.404091763345981,투수
24329,845,0.4591715976331361,0.43625854857131646,0.022913049061819624,0.0170601798505252,1.3430719524984516,0.7005321099622824,투수
24343,261,0.39080459770114945,0.41443613723432576,-0.023631539533176316,0.030492686478761077,-0.7749904079339246,0.23016013646519412,투수
24344,497,0.482897384305835,0.5085811931555708,-0.025683808849735812,0.02242476189223857,-1.145332511139181,0.5177031583066025,투수
24349,271,0.3800738007380074,0.4115935102897771,-0.03151970955176969,0.029894296718593696,-1.054372004415311,0.42514715018421595,투수
24355,798,0.43734335839599,0.4479091052740151,-0.01056574687802514,0.01760349057885132,-0.6002074890032739,0.14067238908275156,투수
24389,1444,0.4889196675900277,0.4733281067855148,0.015591560804512905,0.013139160613564885,1.1866481629287764,0.5543090207784356,투수
24392,1068,0.4101123595505618,0.431161255256134,-0.021048895705572224,0.015154053709846326,-1.3889943977099495,0.7471975734215988,투수
24401,360,0.4666666666666667,0.47054908577262516,-0.00388241910595849,0.02630656042232156,-0.14758368420769263,0.008568659780686059,투수
24410,2894,0.5338631651693159,0.534650980754445,-0.0007878155851290813,0.009272040543703187,-0.08496679683568698,0.0028363069593162894,투수
24411,952,0.5168067226890757,0.49258419691760036,0.024222525771475323,0.016203310620607828,1.49491214102064,0.8820259634998364,투수
24434,208,0.4519230769230769,0.448682036269191,0.0032410406538859182,0.03448567613730007,0.09398222731612256,0.0034501490690132335,투수
24444,1138,0.4789103690685413,0.4988489152939357,-0.019938546225394427,0.014821689890703026,-1.345227593643082,0.7143890821787422,투수
24447,1879,0.5029270888770623,0.4799970403921791,0.02293004848488317,0.011525474055860288,1.9895102252409365,1.5600635639019012,투수
24459,960,0.5114583333333333,0.5212661091031275,-0.009807775769794191,0.016122827780162028,-0.6083161033241296,0.14582025626664427,투수
24460,2039,0.5321235899950957,0.5268021865349145,0.005321403460181173,0.011056980308137936,0.4812709539027234,0.09117487336002013,투수
24465,3124,0.6037131882202305,0.5954319451655877,0.008281243054642728,0.00878125010135126,0.9430596964056871,0.3383044072604483,투수
24469,619,0.4781906300484653,0.48801581763469504,-0.009825187586229744,0.02009092334676889,-0.48903613918819083,0.09435782429028501,투수
24482,425,0.4211764705882353,0.4350031131459471,-0.013826642557711766,0.024047766421866755,-0.574965770839288,0.1283003878235002,투수
24483,2906,0.5712319339298004,0.5494199454654777,0.02181198846432275,0.00922975955568043,2.3632239098686623,2.1831908186481064,투수
24484,857,0.4632438739789965,0.47428857098868143,-0.011044697009684912,0.017057077713896897,-0.647514022914164,0.16507982590864517,투수
24485,837,0.5328554360812425,0.4951375634788591,0.03771787260238341,0.017281710994566907,2.1825311518194757,1.8802924585762903,투수
24487,363,0.4986225895316804,0.47876623310629624,0.019856356425384192,0.02621951868694278,0.7573120110428488,0.2260014952274942,투수
24488,856,0.4497663551401869,0.446875463515434,0.0028908916247529226,0.0169929130233128,0.17012336971223652,0.011296475224062496,투수
24494,457,0.612691466083151,0.5774675047409398,0.035223961342211174,0.023106583302684076,1.5244123668478298,0.8953609707520382,투수
24499,246,0.556910569105691,0.5053215046034004,0.051589064502290616,0.03187703008607866,1.618377382177162,1.0338463050769913,투수
24508,1783,0.5193494111048794,0.5299444830264907,-0.010595071921611243,0.011819907917727348,-0.8963751659791603,0.31605650193184665,투수
24509,2465,0.5334685598377282,0.5253412796193389,0.008127280218389377,0.010057800894962058,0.8080573778767407,0.25710644244781583,투수
24512,750,0.408,0.4283434391340773,-0.020343439134077324,0.01806895449050178,-1.1258780437335851,0.4901348450391801,투수
24527,1238,0.462843295638126,0.47184790390710396,-0.009004608268977976,0.014187967879187396,-0.6346651152338039,0.15850970615494722,투수
24537,355,0.49859154929577465,0.48946200008685287,0.009129549208921783,0.026531350074630977,0.3441042081628319,0.046723200977435986,투수
24540,2429,0.5603128859613009,0.5470422977767603,0.013270588184540633,0.010100096445941745,1.3139070755975606,0.6754814500091557,투수
24541,2604,0.4535330261136713,0.49225508327637757,-0.03872205716270627,0.009797096976386683,-3.9524011302568067,6.165430279838666,투수
24544,1412,0.4185552407932011,0.45423817498357644,-0.035682934190375326,0.013250310151139576,-2.6929886005201515,2.838973785375286,투수
24546,882,0.4387755102040816,0.4859179063993999,-0.04714239619531829,0.01682919712906325,-2.801226691551764,3.0952623113163487,투수
24559,710,0.547887323943662,0.534038933509652,0.013848390434009983,0.018721131805105172,0.7397197230475984,0.21501190891624467,투수
24560,2398,0.5004170141784821,0.5136468528909031,-0.013229838712421005,0.010206658675606797,-1.2961968390340513,0.6627715316615006,투수
24568,1311,0.5102974828375286,0.5066005065664568,0.0036969762710717946,0.013808001121655575,0.26774159695523897,0.028294471442718457,투수
24570,2832,0.5028248587570622,0.5115895972809462,-0.008764738523884041,0.009393051006765645,-0.9331087968723857,0.34353955242976136,투수
24571,675,0.4696296296296296,0.4580347158723751,0.011594913757254521,0.019177104980914583,0.6046227399179386,0.14329940458336127,투수
24572,348,0.3850574712643678,0.43076234050555817,-0.04570486924119038,0.02654459198269894,-1.7218147210919499,1.1479150587727478,투수
24573,597,0.4321608040201005,0.4213701805733793,0.01079062344672116,0.02020901466831612,0.53395099285265,0.1097672979788415,투수
24579,220,0.40454545454545454,0.4274561160905241,-0.022910661545069544,0.03335330056635587,-0.6869083765634871,0.18234905109791102,투수
24604,2599,0.6021546748749519,0.5855244054135802,0.016630269461371694,0.009663152706562178,1.720998308355222,1.1350380469053591,투수
24607,1248,0.48878205128205127,0.4874829521590676,0.001299099122983649,0.014149027202034087,0.09181543751621939,0.0033258658831341707,투수
24608,766,0.4412532637075718,0.4839589647149321,-0.04270570100736032,0.01805643478261212,-2.3651236537837916,2.2060027400441675,투수
24619,2029,0.4297683587974372,0.463116750109593,-0.033348391312155834,0.0110699114858407,-3.012525561275814,3.563176967882175,투수
24622,1053,0.4691358024691358,0.4751469265311246,-0.006011124061988837,0.01538929231286908,-0.3906043201845038,0.060082130119719315,투수
24623,1602,0.49250936329588013,0.5043207649206666,-0.011811401624786444,0.012491728374082104,-0.9455378207945022,0.35291567936301893,투수
24624,748,0.47192513368983957,0.46250919691267794,0.009415936777161626,0.0182303457893358,0.5164979801244178,0.10472110907882932,투수
24626,1463,0.4183185235816815,0.46212458276821006,-0.04380605918652858,0.013034615378494641,-3.3607481244749784,4.433209599396451,투수
24627,1067,0.4948453608247423,0.5079102261032881,-0.013064865278545779,0.01530500369396101,-0.8536335919801746,0.28759402472362827,투수
24629,792,0.5,0.5173110298805282,-0.01731102988052824,0.01775607479787898,-0.9749356249950073,0.3747801332203405,투수
24631,608,0.43256578947368424,0.4946778658727351,-0.062112076399050864,0.020276528873838285,-3.0632499667727022,3.703916970665267,투수
24633,327,0.41896024464831805,0.4800317776436746,-0.06107153299535656,0.02762800456744905,-2.21049380697259,1.9258877180865683,투수
21170,355,0.476056338028169,0.5007838495748324,-0.02472751154666336,0.026537212011657766,-0.9318051774165498,0.34276364090484324,타자
21286,1982,0.4692230070635722,0.5017856660634029,-0.03256265899983074,0.011230921964464988,-2.8993754121754276,3.318554392453204,타자
21520,901,0.4594894561598224,0.4861905831801705,-0.026701127020348103,0.01665106076642463,-1.603569129612963,1.0143539953295537,타자
21616,632,0.5031645569620253,0.49621440313246445,0.006950153829560879,0.019888362049849166,0.3494583320708197,0.04820715257493794,타자
21627,1566,0.46934865900383144,0.48579534358265797,-0.01644668457882653,0.012629867591824344,-1.3022056216545703,0.6688889972950585,타자
21660,1318,0.5060698027314112,0.5049052803329762,0.0011645223984350084,0.013771821922971507,0.08455833984409687,0.00282238769637839,타자
21696,2124,0.5009416195856874,0.49994011260549287,0.001001506980194522,0.010849075837248234,0.09231265365074126,0.0033640933702533413,타자
21737,421,0.5225653206650831,0.5091882707979801,0.013377049867102975,0.024364394004392758,0.5490409432999307,0.11896202700050115,타자
21818,1798,0.4961067853170189,0.5018425530134268,-0.005735767696407934,0.011791585700194175,-0.4864288690462964,0.09340677171711725,타자
21821,2223,0.47638326585695007,0.5009267700720308,-0.024543504215080725,0.010604727832689212,-2.3143926560213126,2.114551025060816,타자
21831,494,0.5303643724696356,0.5002624164298078,0.030101956039827793,0.022496060435027092,1.3380990030129043,0.706841355272982,타자
21834,685,0.48613138686131385,0.49711553264415814,-0.01098414578284429,0.019103700098212453,-0.5749747811353092,0.13050547018461295,타자
21945,442,0.5497737556561086,0.505860238186761,0.043913517469347685,0.02378094115063452,1.8465845061046289,1.3459356232883153,타자
21968,399,0.506265664160401,0.4872668956430106,0.018998768517390352,0.02502319065006216,0.7592464439519089,0.22742037216971228,타자
21990,2021,0.4844136566056408,0.49496147533764645,-0.010547818732005665,0.0111215366105821,-0.948413794004819,0.3550562783173532,타자
21992,1856,0.4989224137931034,0.4948683487423484,0.004054065050755007,0.011605347360945081,0.3493273337425433,0.04816870443942337,타자
21996,567,0.4673721340388007,0.49942476910856687,-0.03205263506976619,0.02099801238218768,-1.5264604328434432,0.9198480763832698,타자
21999,908,0.4856828193832599,0.5007385633808351,-0.0150557439975752,0.016593064687736966,-0.9073516123095743,0.32500935310759693,타자
22013,2230,0.47623318385650226,0.49416686105796453,-0.017933677201462273,0.010587368192435248,-1.6938748965277335,1.1325284677184921,타자
22026,1774,0.4774520856820744,0.4996174578161047,-0.022165372134030303,0.011871157567664718,-1.8671618170080995,1.3762877274939584,타자
22066,1351,0.4774241302738712,0.4996293070474826,-0.02220517677361139,0.01360323530624208,-1.6323452674101844,1.051887723359984,타자
22102,1898,0.4910432033719705,0.5032733673195148,-0.012230163947544281,0.01147658277057131,-1.065662505297773,0.44829751703181336,타자
22103,1779,0.5340078695896571,0.5256007220322512,0.008407147557405903,0.011838917991922427,0.7101280339252298,0.19855409830449885,타자
22109,2087,0.48011499760421655,0.5025279917698496,-0.022412994165633082,0.01094468404715292,-2.047842959108852,1.6554946166509183,타자
22126,1781,0.5030881527231892,0.4968937662712288,0.00619438645196041,0.011847580375719617,0.5228397913767405,0.1079110901352019,타자
22127,1340,0.505223880597015,0.5051538529748995,7.002762211549829e-05,0.013658233474407578,0.005127136115128952,1.0376457820865847e-05,타자
22130,2499,0.46298519407763106,0.4858248696610482,-0.02283967558341715,0.009997980301840763,-2.284428944035033,2.058503858971385,타자
22133,1637,0.48747709224190594,0.4928956918186058,-0.0054185995766998785,0.012356680613173205,-0.43851579128161816,0.0758976561791845,타자
22146,2045,0.536919315403423,0.5233918667431737,0.013527448660249242,0.011044537987157502,1.2248089214758324,0.5909226934548918,타자
22182,1398,0.4978540772532189,0.4931209235937522,0.004733153659466693,0.013371351689333984,0.353977202113547,0.049455425953414005,타자
22245,1160,0.47844827586206895,0.4895293932751474,-0.011081117413078434,0.014677286181399518,-0.7549840805803393,0.22492134405051656,타자
22269,1302,0.4715821812596006,0.4893568792459037,-0.0177746979863031,0.01385371023356178,-1.283027989371569,0.64956260137563,타자
22283,597,0.509212730318258,0.4895219941592958,0.019690736158962163,0.020459143884788925,0.962441843600403,0.36551382216382844,타자
22315,1283,0.45908028059236167,0.4880444069388941,-0.02896412634653245,0.013955085055440016,-2.075524887986373,1.6996249217602397,타자
22379,517,0.5435203094777563,0.5162976449751859,0.02722266450257038,0.021978290095650176,1.2386161245527532,0.6050027830701397,타자
22396,1118,0.5035778175313059,0.49973920567464347,0.003838611856662455,0.014953713079749948,0.25669957930787335,0.02601331931744623,타자
22410,2160,0.4689814814814815,0.4910776567972899,-0.022096175315808375,0.010756574040501177,-2.0542019450255053,1.6653040292804502,타자
22420,563,0.477797513321492,0.48631025119102717,-0.008512737869535159,0.02106458776024266,-0.40412553838827625,0.06442471165338086,타자
22429,1357,0.4642593957258659,0.48696114343333824,-0.022701747707472353,0.013568516275283249,-1.6731193924885088,1.1043430467562643,타자
22430,678,0.5221238938053098,0.5002236817423275,0.021900212062982316,0.019202382394538288,1.1404945289086301,0.5134898954534279,타자
22436,592,0.4527027027027027,0.4883207656367837,-0.03561806293408104,0.02054426645720595,-1.7337227887047737,1.1859540655380099,타자
22442,585,0.4547008547008547,0.49066299656333673,-0.03596214186248203,0.020668851016359156,-1.7399197388388168,1.1946825864153219,타자
22443,2199,0.502955889040473,0.5045720067212182,-0.0016161176807452104,0.010662013610109732,-0.1515771541702785,0.009069362485010205,타자
22455,1455,0.488659793814433,0.4934224586945567,-0.004762664880123724,0.013106928362507908,-0.3633700244938567,0.05211570400161625,타자
22468,2143,0.48343443770415306,0.4886171748139812,-0.005182737109828139,0.010798075200724283,-0.4799686067643339,0.09089627774801838,타자
22500,1040,0.5048076923076923,0.50545631875317,-0.0006486264454776958,0.01550341862379639,-0.04183763989202427,0.0006909207089944269,타자
22523,1798,0.503337041156841,0.4978636063100183,0.005473434846822667,0.011791558126900257,0.46418249292568375,0.08505799880227605,타자
22605,643,0.5132192846034215,0.4904760245148966,0.022743260088524897,0.01971449774385125,1.1536312202332564,0.5251966852284443,타자
22606,2072,0.49903474903474904,0.5011042183628052,-0.0020694693280561283,0.010984342592617545,-0.18840174645016952,0.014012425183185562,타자
22610,1644,0.45924574209245744,0.49386547080148835,-0.034619728709030906,0.012330662420848678,-2.8076130484681734,3.111391789979821,타자
22612,1654,0.4848851269649335,0.49433400381911,-0.009448876854176502,0.012293466587171994,-0.768609634001546,0.2331854512411878,타자
22632,2318,0.4926660914581536,0.4981299934243223,-0.005463901966168694,0.010385089677418637,-0.526129492945007,0.10927600175405355,타자
22660,2273,0.5301363836339639,0.5199575487666387,0.010178834867325182,0.010479101534029754,0.97134614396764,0.3718785603045066,타자
22690,1013,0.49358341559723595,0.4983279478269396,-0.0047445322297036685,0.01570951774939603,-0.3020164148505499,0.03600823342680912,타자
22693,2405,0.48523908523908527,0.48898686092953975,-0.00374777569045448,0.01019311884738568,-0.3676770325714102,0.053341819819528104,타자
22697,707,0.4908062234794908,0.4816493560628931,0.009156867416597714,0.01879176645169249,0.4872808227016357,0.09360926461561603,타자
22719,369,0.47696476964769646,0.49322237779461975,-0.016257608146923286,0.026026568863793623,-0.6246542996891056,0.1540086936629494,타자
22725,867,0.47058823529411764,0.4882362577219423,-0.01764802242782465,0.016976189797238122,-1.0395749952498663,0.4263995710599265,타자
22727,1436,0.4860724233983287,0.49052724843390866,-0.004454825035579979,0.01319212717281974,-0.33768815121479656,0.04500091153420027,타자
22732,1643,0.49421789409616557,0.4919060636806504,0.0023118304155151925,0.012333726460244696,0.18743973469550473,0.013866123931863835,타자
22736,2335,0.49207708779443254,0.489307924944841,0.0027691628495915555,0.01034492250530141,0.2676832859958551,0.028274142710018886,타자
22739,784,0.5025510204081632,0.4920745167982363,0.010476503609926913,0.017854899384643363,0.5867579191702161,0.13587963270432543,타자
22749,304,0.4506578947368421,0.4855262602413151,-0.03486836550447303,0.02866494918940053,-1.2164112091768977,0.5836363473854242,타자
22779,1908,0.48218029350104824,0.4917677398544407,-0.009587446353392481,0.011445162067210073,-0.8376855038916512,0.2769426424625651,타자
22808,313,0.5111821086261981,0.5004876063024833,0.010694502323714716,0.02826165750822341,0.3784103009741341,0.05652896884966275,타자
22809,1060,0.4858490566037736,0.48389501488059206,0.001954041723181532,0.015349409350516404,0.1273040335663334,0.006391151289781707,타자
22816,2649,0.5081162702906757,0.5123748066221441,-0.004258536331468332,0.00971171596652051,-0.4384947362699766,0.07585919669087807,타자
22819,977,0.47389969293756395,0.45685262121598424,0.01704707172157971,0.015936744963280153,1.0696708619519142,0.4483319690446317,타자
22831,1769,0.5460712266817411,0.5264007730272712,0.019670453654469955,0.011871342504398313,1.6569696011366941,1.0808418512527729,타자
22839,1389,0.47300215982721383,0.4808211718337116,-0.00781901200649776,0.013405998156541537,-0.583247283432038,0.13409468776935096,타자
22853,306,0.47058823529411764,0.4769287692433447,-0.006340533949227067,0.028552652791110605,-0.22206461850021472,0.019425788615739105,타자
22882,358,0.4245810055865922,0.4714649935365472,-0.04688398794995502,0.02638275176170822,-1.777069669358834,1.2426181294980905,타자
22943,217,0.4608294930875576,0.48293165112148145,-0.022102158033923847,0.033922429230746856,-0.6515499784399501,0.16739198568146338,타자
22950,502,0.4402390438247012,0.4767948514150805,-0.0365558075903793,0.02229204568796874,-1.639858813411138,1.0593075077599112,타자
22956,2036,0.47053045186640474,0.49385153980715507,-0.02332108794075033,0.011080217341044463,-2.1047500444203378,1.748561671985502,타자
22963,658,0.49848024316109424,0.4934350883047196,0.005045154856374634,0.01949034917969801,0.25885400050348434,0.026447246516825663,타자
22969,287,0.4738675958188153,0.48674113397311064,-0.012873538154295316,0.029503687980165193,-0.4363365747004228,0.075107501195641,타자
22985,1411,0.4606661941885188,0.4933038622406067,-0.0326376680520879,0.013309677975421909,-2.452175635831137,2.373399373783586,타자
23022,1447,0.49274360746371804,0.49533985211511916,-0.002596244651401125,0.01314367690510637,-0.19752803345253214,0.015401581858093018,타자
23040,751,0.4806924101198402,0.4931184006883149,-0.01242599056847471,0.018243530987467775,-0.6811176288740721,0.18310809479988724,타자
23064,241,0.5062240663900415,0.4777792448211293,0.02844482156891215,0.032176009596032666,0.8840381988330654,0.30791371806453766,타자
23113,629,0.4864864864864865,0.4891483564702772,-0.002661869983790699,0.019931609692065973,-0.13355017607284822,0.007037686081707039,타자
23134,1848,0.4724025974025974,0.48573384312602436,-0.013331245723426977,0.011626317287187856,-1.1466438936874657,0.5186196902643855,타자
23143,349,0.4813753581661891,0.4857755375953655,-0.004400179429176421,0.026753553424338557,-0.16447084091541417,0.010670180529382216,타자
23195,733,0.5102319236016372,0.5048109173362125,0.005421006265424633,0.01846706648170777,0.2935499404193035,0.034014912703721374,타자
23197,946,0.5190274841437632,0.4894346438667442,0.029592840277019028,0.01625277251514154,1.8207872071949267,1.3081875276940453,타자
23234,304,0.4868421052631579,0.4688787042617526,0.01796340100140531,0.028621363533182585,0.6276221250108921,0.15490173457276518,타자
23243,1011,0.5153313550939663,0.4918689299100774,0.023462425183888913,0.015723057142748582,1.492230484878044,0.8788252467293647,타자
23274,943,0.4814422057264051,0.48890489431306294,-0.0074626885866578285,0.016278230999880402,-0.4584459199966297,0.0829292807400617,타자
23281,2169,0.47763946519133244,0.49695851608201624,-0.01931905089068381,0.010735745143142355,-1.799507219396335,1.278311490350998,타자
23298,475,0.5536842105263158,0.5017961418159149,0.05188806871040086,0.022941425361792337,2.261763072351099,2.0194550463892584,타자
23318,1818,0.4829482948294829,0.4904419591005074,-0.007493664271024492,0.011724482951065986,-0.6391466730175227,0.16120849020890876,타자
23319,2406,0.4742310889443059,0.4849326664246489,-0.010701577480343005,0.010188843985139008,-1.0503230293791765,0.43510772203101283,타자
23349,1128,0.4671985815602837,0.45433629898215894,0.012862282578124773,0.01482506821319964,0.867603601761017,0.2946800673615013,타자
23367,299,0.45819397993311034,0.4972729361384182,-0.03907895620530788,0.02891531650939419,-1.3514967471516925,0.7210454927809263,타자
23396,263,0.44106463878326996,0.48512806371226724,-0.044063424928997286,0.030817679577910206,-1.4298099510574926,0.8063392816289383,타자
23405,625,0.504,0.48956273938772094,0.014437260612279068,0.01999564206884736,0.7220203563641454,0.20570989252356006,타자
23413,2699,0.4809188588366062,0.49810552051928436,-0.017186661682678184,0.009624217842516545,-1.7857723052312173,1.2589007962250873,타자
23420,2187,0.5148605395518976,0.5215887001272382,-0.006728160575340647,0.010681700825362489,-0.6298772719195984,0.156331698491209,타자
23427,262,0.44656488549618323,0.4481635914603143,-0.0015987059641310863,0.030723650458856038,-0.05203502644557207,0.0010574115484992556,타자
23430,1367,0.45501097293343085,0.4567597734545965,-0.001748800521165661,0.013472730669612045,-0.12980297491659268,0.006601682448849598,타자
23433,1461,0.5297741273100616,0.5015565169105606,0.028217610399500992,0.013081055611733073,2.157135573538206,1.8369454061262034,타자
23436,206,0.49514563106796117,0.48058371890373563,0.014561912164225532,0.03481037452965856,0.4183210425334187,0.06897784184969469,타자
23443,1679,0.4651578320428827,0.4843500897536763,-0.019192257710793637,0.012196404441634437,-1.5735996459151274,0.9765812844383529,타자
23452,915,0.5081967213114754,0.5016486372580173,0.006548084053458081,0.01652940026797066,0.39614770937251914,0.061951974531529286,타자
23463,494,0.5161943319838057,0.4914961907494774,0.024698141234328286,0.022492809702575098,1.0980460672061219,0.4758401197152087,타자
23464,555,0.4648648648648649,0.48237207171174284,-0.017507206846877954,0.021210623555456512,-0.8253980276017939,0.26861624676736856,타자
23471,2063,0.5026660203587009,0.49571061969599745,0.006955400662703448,0.011007898306085258,0.631855461351641,0.15759741888281106,타자
23476,2471,0.46742209631728043,0.48946859512562374,-0.022046498808343307,0.010056278091901799,-2.1923119673964755,1.8965206310629743,타자
23505,1158,0.5,0.4995911316438145,0.0004088683561854767,0.014693172571990118,0.02782709821056008,0.00030568992646220263,타자
23526,803,0.5043586550435866,0.5013688114909568,0.0029898435526297673,0.017644550711398154,0.1694485510871278,0.011334909075444119,타자
23549,304,0.4342105263157895,0.47448080758847727,-0.04027028127268778,0.028639591823177855,-1.406105279758117,0.7784818242299542,타자
23552,1037,0.5014464802314368,0.4998497148431061,0.001596765388330701,0.01552675164975049,0.10283962958577755,0.004175096755602642,타자
23578,521,0.3915547024952015,0.46741794606618486,-0.07586324357098334,0.021858839125412404,-3.470598010064821,4.734848694985933,타자
23583,1349,0.4988880652335063,0.5000920216185314,-0.0012039563850250734,0.013613319022378667,-0.08843959236141555,0.003087727927658035,타자
23584,635,0.47244094488188976,0.482654800010418,-0.010213855128528238,0.01982995205450509,-0.5150721040804429,0.10460650210507075,타자
23602,1743,0.48709122203098104,0.4965527208688833,-0.00946149883790226,0.011975977970325482,-0.7900397663845332,0.24638986265840215,타자
23639,2441,0.5247849242113888,0.5109189142700749,0.013866009941313928,0.010117717156315846,1.3704682318242374,0.7410992291054694,타자
23641,1417,0.4481298517995766,0.45251570579706984,-0.00438585399749325,0.013222626664002465,-0.33169309766821015,0.04304113926314376,타자
23645,1486,0.531628532974428,0.513032931559401,0.01859560141502703,0.012966208870485642,1.4341587121394677,0.811418368107282,타자
23646,2179,0.4782010096374484,0.5020828607875331,-0.023881851150084676,0.010711187481350627,-2.2296175089517987,1.9624507760773384,타자
23667,264,0.4583333333333333,0.49191403526337535,-0.033580701930042034,0.030768848446944733,-1.0913863737197,0.4700986826976407,타자
23685,2055,0.45888077858880777,0.48145331965526766,-0.022572541066459895,0.011022119336618171,-2.047931108082672,1.6534013864480508,타자
23691,687,0.4672489082969432,0.4863641754912438,-0.019115267194300567,0.01906909463360837,-1.0024213294642117,0.39639032945699626,타자
23693,2403,0.48564294631710364,0.4941959742266815,-0.008553027909577848,0.010199147135054463,-0.8386022670641838,0.2775869958453058,타자
23698,309,0.43042071197411,0.4677918143872614,-0.03737110241315139,0.0283849310938459,-1.3165824602355216,0.6814529339607798,타자
23715,662,0.47129909365558914,0.490627514249962,-0.01932842059437284,0.019429637424290082,-0.9947905960514372,0.3905317000716153,타자
23720,443,0.5440180586907449,0.5073196710565682,0.036698387634176766,0.02375317122302603,1.5449889738765408,0.9421135741028989,타자
23735,428,0.4649532710280374,0.4863530710726558,-0.02139980004461839,0.024159408363104873,-0.8857750042132311,0.309505782570939,타자
23739,248,0.46774193548387094,0.47580232854837834,-0.008060393064507398,0.03171282893304808,-0.25416821317090466,0.02544308036951982,타자
23750,353,0.4475920679886686,0.484989087404487,-0.03739701941581841,0.026600319094501848,-1.4058861204995163,0.7795684468502287,타자
23759,1226,0.49184339314845027,0.4910781136104491,0.0007652795380011512,0.014277613408827062,0.05359996212868609,0.0011337994461360452,타자
23760,217,0.5207373271889401,0.4970808472151951,0.02365647997374498,0.03394163318625546,0.6969753000372588,0.19176332341411248,타자
23776,639,0.4757433489827856,0.4830727967182409,-0.007329447735455297,0.01976835609359775,-0.3707666788655754,0.0542061959216334,타자
23778,2144,0.5158582089552238,0.5010080918743682,0.014850117080855596,0.0107983333721042,1.3752230616641772,0.7466036419380051,타자
23854,2033,0.49040826364977863,0.49426510050065997,-0.00385683685088134,0.01108849860185548,-0.347823180519314,0.047753530182947715,타자
23855,1402,0.48002853067047074,0.49384563986123026,-0.013817109190759513,0.013352515667254664,-1.0347944563468445,0.42265689727825384,타자
23859,1251,0.4612310151878497,0.4701682700585335,-0.008937254870683808,0.014111298710958948,-0.6333403504344405,0.15778697992876478,타자
23864,610,0.48032786885245904,0.4615612216670773,0.018766647185381735,0.02018449576723421,0.929755560990823,0.3392413487795055,타자
23875,2024,0.4733201581027668,0.488139008513075,-0.014818850410308226,0.011110728108066412,-1.3337425113975843,0.7018512922786415,타자
23896,1556,0.4845758354755784,0.48486249925351804,-0.00028666377793962194,0.012669692803180366,-0.022625945426842802,0.00020191138162437193,타자
23901,2219,0.480396575033799,0.49250198153037117,-0.012105406496572158,0.010613106331855884,-1.1406091786941817,0.5134777445645123,타자
23911,422,0.471563981042654,0.49402564023444134,-0.02246165919178733,0.02433788160672214,-0.9229093786693171,0.33620307826400897,타자
23919,411,0.48418491484184917,0.4910900140542043,-0.006905099212355159,0.02465926495858953,-0.2800204800893676,0.030944768303590813,타자
23938,439,0.43507972665148065,0.4744397553073574,-0.03936002865587673,0.023832496042878765,-1.65152775374687,1.0739421794086847,타자
23939,1005,0.49154228855721394,0.4934429050372142,-0.0019006164800002834,0.015770651138080943,-0.12051604359004042,0.0057327184213473185,타자
23949,258,0.4728682170542636,0.4635957916759582,0.00927242537830536,0.031046023201890524,0.2986670891149989,0.03502772790700669,타자
23957,238,0.453781512605042,0.4698139818435134,-0.016032469238471403,0.03235106821634939,-0.4955777389251403,0.09660138549959318,타자
23965,627,0.5231259968102073,0.5096624583360114,0.013463538474195902,0.01996434768448879,0.6743790825009693,0.1794698665802788,타자
23970,223,0.4484304932735426,0.4964476457798543,-0.04801715250631167,0.03348163145294889,-1.4341341930661076,0.8119012965359718,타자
23975,389,0.4267352185089974,0.4657274691052057,-0.038992250596208256,0.025291381302538607,-1.541720878341051,0.9339245136648934,타자
23978,362,0.4198895027624309,0.4850324387827777,-0.06514293602034676,0.02626763927792871,-2.479969186842111,2.4257653888192348,타자
23989,212,0.3632075471698113,0.4493274797469576,-0.08611993257714629,0.03416333517444591,-2.5208291912191223,2.482840327812377,타자
23990,923,0.47562296858071507,0.4863416211952255,-0.010718652614510438,0.016451558909771263,-0.6515280815208452,0.16745096723876793,타자
24010,459,0.47058823529411764,0.4929145112930913,-0.022326275998973633,0.023335657953754085,-0.9567450827064394,0.3612857494499942,타자
24016,724,0.48066298342541436,0.4654947948666858,0.015168188558728535,0.01853805220576991,0.818219109017693,0.26303380745331584,타자
24019,370,0.4918918918918919,0.4459984126750683,0.04589347921682363,0.025841713009406082,1.7759457045327816,1.2305783154228747,타자
24040,1987,0.4957221942627076,0.48894609191278166,0.006776102349925928,0.011214112610845152,0.6042477532616151,0.14406661402012264,타자
24041,718,0.4832869080779944,0.4935532854853869,-0.010266377407392502,0.01865828319688356,-0.5502316209407341,0.11949905281147011,타자
24050,1397,0.4831782390837509,0.4951423884012927,-0.011964149317541806,0.013376771381961555,-0.8943973830393291,0.31576618700860043,타자
24072,807,0.46592317224287483,0.48547946303159484,-0.01955629078872001,0.01759340989912835,-1.1115690989322604,0.48736246130226124,타자
24075,1938,0.47729618163054693,0.4964527864298772,-0.01915660479933029,0.011357485433605239,-1.6866941992853919,1.1230430900236,타자
24086,685,0.5007299270072992,0.4939368485522755,0.006793078455023749,0.01910261334949551,0.35560990167887946,0.04991480742591769,타자
24087,2325,0.5126881720430108,0.5006498609922488,0.012038311050761918,0.010369508188806085,1.160933655827314,0.5320588189464152,타자
24144,1218,0.4614121510673235,0.48280193273801186,-0.02138978167068839,0.014318228947710593,-1.4938845962585687,0.8799653252885352,타자
24155,407,0.48157248157248156,0.46761738468614317,0.013955096886338392,0.02473204638702612,0.5642516057085727,0.12516003873904985,타자
24158,420,0.5214285714285715,0.4880532474172019,0.033375324011369556,0.024390536567572844,1.3683718650020174,0.738764195752245,타자
24159,398,0.4623115577889447,0.45440298668887086,0.007908571100073869,0.02495830253180507,0.31687135333004934,0.03930833842867382,타자
24160,336,0.4791666666666667,0.4713005338620232,0.007866132804643489,0.027232264906079082,0.2888534182438687,0.032829736256205576,타자
24191,631,0.4183835182250396,0.4822640124018688,-0.06388049417682917,0.019892159129662326,-3.21134039600424,4.066038262992464,타자
24212,2619,0.5005727376861397,0.48866553663180173,0.011907201054338012,0.009767662357327301,1.2190430646290427,0.5863547391589004,타자
24245,244,0.5245901639344263,0.48829796384184115,0.0362922000925851,0.032000452247684955,1.1341152247375077,0.5074835710622895,타자
24263,1304,0.48466257668711654,0.4980760576022994,-0.013413480915182852,0.013846116885096129,-0.9687539854311815,0.37048117927456525,타자
24264,2383,0.4943348720100713,0.4943207702852841,1.4101724787218828e-05,0.010241886676692702,0.0013768678791681904,7.482971294489292e-07,타자
24270,2205,0.49523809523809526,0.49828526766149245,-0.003047172423397193,0.010647880133373835,-0.2861764393690335,0.03233018726237626,타자
24272,2005,0.48927680798004985,0.4907726369170305,-0.0014958289369806366,0.01116448894270973,-0.13398095915150635,0.007084085684194345,타자
24273,1956,0.49642126789366053,0.49413088878748773,0.002290379106172802,0.011304611902793874,0.20260572639444147,0.01620276616886024,타자
24274,231,0.45454545454545453,0.4893524452457382,-0.034806990700283647,0.032890124675993594,-1.0582808986944694,0.4419269652911974,타자
24315,335,0.48656716417910445,0.4849169469935509,0.0016502171855535264,0.027305485836224424,0.06043537168506593,0.001440564094180105,타자
24342,1095,0.5232876712328767,0.5035276773919379,0.01975999384093874,0.015109571053998055,1.307779934342356,0.6751391561683614,타자
24354,2291,0.5211697948494107,0.509561864959857,0.011607929889553725,0.010444268564543661,1.1114162583831362,0.48746137538128864,타자
24356,1087,0.5206991720331187,0.5025687404549527,0.018130431578165962,0.015165247444650377,1.1955249424276009,0.5642237929359695,타자
24372,292,0.5,0.507745703087023,-0.007745703087023048,0.029256775592925836,-0.26474903437055197,0.027663690031599377,타자
24398,1116,0.4767025089605735,0.4837540611279715,-0.007051552167398001,0.014959205862178337,-0.47138546206029447,0.08762725526467863,타자
24402,280,0.40714285714285714,0.45449072977933413,-0.047347872636476995,0.02975668630288844,-1.591167516252675,0.9912074107824691,타자
24413,364,0.49175824175824173,0.49227085667191955,-0.0005126149136778224,0.02620398952216076,-0.019562475906361627,0.00015103911264921027,타자
24426,351,0.47293447293447294,0.5035134148717243,-0.030578941937251358,0.026687366747584044,-1.1458208757152712,0.5182718165590312,타자
24439,2055,0.47007299270072994,0.4774894408669903,-0.007416448166260359,0.01101852619797381,-0.6730889442931274,0.17848812419770357,타자
24466,1572,0.4821882951653944,0.49135595796385134,-0.009167662798456933,0.012608947117645104,-0.7270759971407605,0.20862933369976439,타자
24479,850,0.4411764705882353,0.4341505474260204,0.007025923162214898,0.017000479218010546,0.4132779477634687,0.06625692634782063,타자
24480,756,0.46296296296296297,0.45330534261896704,0.00965762034399592,0.01810535046806657,0.5334125048299734,0.11134420541180433,타자
24481,244,0.48770491803278687,0.4681432478069254,0.01956167022586147,0.031944184630697946,0.6123703094009468,0.14743726309708313,타자
24490,1119,0.4459338695263628,0.4549557146366063,-0.009021845110243454,0.014886253633306187,-0.606052088892142,0.1438223522974687,타자
24491,302,0.48344370860927155,0.4721912057970485,0.011252502812223064,0.02872723233044695,0.39170159807900967,0.06038245562688608,타자
24492,738,0.45934959349593496,0.4509845415260785,0.008365051969856485,0.01831660303999954,0.45669232180164643,0.08154535286941106,타자
24496,998,0.48697394789579157,0.49017226525741703,-0.003198317361625458,0.015824165825659986,-0.20211601653207928,0.0161205264342808,타자
24500,1109,0.4715960324616772,0.4887034191378628,-0.01710738667618561,0.015010437824985935,-1.1396993795683397,0.5125124943665795,타자
24501,298,0.47651006711409394,0.48868368468679396,-0.012173617572700024,0.028956803109712777,-0.4204061313873669,0.06973665959882375,타자
24510,2150,0.4897674418604651,0.4912584611716344,-0.0014910193111692949,0.010781629196880632,-0.13829257934419412,0.007547629342436407,타자
24526,2442,0.5073710073710074,0.502951990781541,0.004419016589466418,0.01011788188734842,0.4367531306124492,0.07530130298747506,타자
24529,221,0.3574660633484163,0.4199656499710293,-0.06249958662261301,0.03319996339306166,-1.882519745057146,1.3631766270670824,타자
24532,290,0.496551724137931,0.487377329076123,0.009174395061808005,0.02935165319780058,0.312568256376628,0.03854414713869913,타자
24542,1170,0.4794871794871795,0.49518117686206375,-0.01569399737488425,0.01461695476556016,-1.07368447303824,0.45504943621605687,타자
24545,2069,0.4630256162397293,0.5037077059592906,-0.040682089719561276,0.010992027800413579,-3.7010541146948883,5.407201635666375,타자
24548,1478,0.4884979702300406,0.49758885561304744,-0.009090885383006841,0.013005520488693651,-0.6990020423181066,0.19288229560925463,타자
24567,425,0.5011764705882353,0.4851046625871326,0.01607180800110275,0.02424279778667358,0.6629518648188999,0.17335004901258028,타자
24569,1165,0.47639484978540775,0.4901113264673304,-0.013716476681922662,0.014646103178455378,-0.9365273830720919,0.34611198017700084,타자
24582,626,0.476038338658147,0.4977579772123026,-0.021719638554155596,0.01998381826743922,-1.086861292646193,0.4663211230489229,타자
24630,685,0.49343065693430654,0.4858166064682602,0.0076140504660463515,0.01909633019156535,0.3987179939635417,0.06270867740433836,타자
24632,466,0.4334763948497854,0.46801315564926577,-0.03453676079948037,0.02311460724770435,-1.494153044841825,0.8777173630971052,타자
